file_slug,id,slug,status,tt_caption,tt_hashtags,tt_scheduled_date,tt_url,tt_views,notes
C1_apps-fail-freelancers,C1,apps-fail-freelancers,pending,"Why budgeting apps fail freelancers.

#variableincome #freelancetok #1099 #freelancer #smallbiz #budgetingtips #fyp #swipe",#variableincome #freelancetok #1099 #freelancer #smallbiz #budgetingtips #fyp #swipe,,,,7 slides
C2_freelancer-month,C2,freelancer-month,pending,"A freelancer's month.

#variableincome #freelancetok #1099 #freelancer #smallbiz #budgetingtips #fyp #swipe",#variableincome #freelancetok #1099 #freelancer #smallbiz #budgetingtips #fyp #swipe,,,,8 slides
C3_five-buckets,C3,five-buckets,pending,"Every deposit has five jobs.

#variableincome #freelancetok #1099 #freelancer #smallbiz #budgetingtips #fyp #swipe",#variableincome #freelancetok #1099 #freelancer #smallbiz #budgetingtips #fyp #swipe,,,,7 slides
C4_where-4000-goes,C4,where-4000-goes,pending,"Where $4,000 actually goes.

#variableincome #freelancetok #1099 #freelancer #smallbiz #budgetingtips #fyp #swipe",#variableincome #freelancetok #1099 #freelancer #smallbiz #budgetingtips #fyp #swipe,,,,8 slides
C5_tax-math-1099,C5,tax-math-1099,pending,"If you're 1099, read this.

#variableincome #freelancetok #1099 #freelancer #smallbiz #budgetingtips #fyp #swipe",#variableincome #freelancetok #1099 #freelancer #smallbiz #budgetingtips #fyp #swipe,,,,7 slides
C6_freezing-to-flowing,C6,freezing-to-flowing,pending,"How freelancers stop freezing.

#variableincome #freelancetok #1099 #freelancer #smallbiz #budgetingtips #fyp #swipe",#variableincome #freelancetok #1099 #freelancer #smallbiz #budgetingtips #fyp #swipe,,,,7 slides
C8_5-signs-working,C8,5-signs-working,pending,"5 signs your money system is working.

#variableincome #freelancetok #1099 #freelancer #smallbiz #budgetingtips #fyp #swipe",#variableincome #freelancetok #1099 #freelancer #smallbiz #budgetingtips #fyp #swipe,,,,7 slides
C9_three-personas,C9,three-personas,pending,"Which one are you?

#variableincome #freelancetok #1099 #freelancer #smallbiz #budgetingtips #fyp #swipe",#variableincome #freelancetok #1099 #freelancer #smallbiz #budgetingtips #fyp #swipe,,,,7 slides
C10_save-more,C10,save-more,pending,"'Save more' isn't a plan.

#variableincome #freelancetok #1099 #freelancer #smallbiz #budgetingtips #fyp #swipe",#variableincome #freelancetok #1099 #freelancer #smallbiz #budgetingtips #fyp #swipe,,,,7 slides
C11_math-of-waiting,C11,math-of-waiting,pending,"The cost of waiting.

#variableincome #freelancetok #1099 #freelancer #smallbiz #budgetingtips #fyp #swipe",#variableincome #freelancetok #1099 #freelancer #smallbiz #budgetingtips #fyp #swipe,,,,7 slides
C12_first-week,C12,first-week,pending,"Your first week with Able.

#variableincome #freelancetok #1099 #freelancer #smallbiz #budgetingtips #fyp #swipe",#variableincome #freelancetok #1099 #freelancer #smallbiz #budgetingtips #fyp #swipe,,,,7 slides
C13_april-no-panic,C13,april-no-panic,pending,"April without the panic.

#variableincome #freelancetok #1099 #freelancer #smallbiz #budgetingtips #fyp #swipe",#variableincome #freelancetok #1099 #freelancer #smallbiz #budgetingtips #fyp #swipe,,,,6 slides
C14_monthly-or-annual,C14,monthly-or-annual,pending,"Monthly or annual?

#variableincome #freelancetok #1099 #freelancer #smallbiz #budgetingtips #fyp #swipe",#variableincome #freelancetok #1099 #freelancer #smallbiz #budgetingtips #fyp #swipe,,,,6 slides
C15_what-able-isnt,C15,what-able-isnt,pending,"Things Able doesn't do.

#variableincome #freelancetok #1099 #freelancer #smallbiz #budgetingtips #fyp #swipe",#variableincome #freelancetok #1099 #freelancer #smallbiz #budgetingtips #fyp #swipe,,,,7 slides
C16_feast-or-famine,C16,feast-or-famine,pending,"The feast or famine cycle.

#variableincome #freelancetok #1099 #freelancer #smallbiz #budgetingtips #fyp #swipe",#variableincome #freelancetok #1099 #freelancer #smallbiz #budgetingtips #fyp #swipe,,,,8 slides
C17_freelancer-budget,C17,freelancer-budget,pending,"How to budget as a freelancer.

#variableincome #freelancetok #1099 #freelancer #smallbiz #budgetingtips #fyp #swipe",#variableincome #freelancetok #1099 #freelancer #smallbiz #budgetingtips #fyp #swipe,,,,7 slides
C18_steady-paycheck,C18,steady-paycheck,pending,"Your income is lumpy. Your bills are not.

#variableincome #freelancetok #1099 #freelancer #smallbiz #budgetingtips #fyp #swipe",#variableincome #freelancetok #1099 #freelancer #smallbiz #budgetingtips #fyp #swipe,,,,7 slides
C19_creator-budget,C19,creator-budget,pending,"Creator income is five incomes.

#variableincome #freelancetok #1099 #freelancer #smallbiz #budgetingtips #fyp #swipe",#variableincome #freelancetok #1099 #freelancer #smallbiz #budgetingtips #fyp #swipe,,,,7 slides
C20_designer-developer,C20,designer-developer,pending,"How designers and devs budget.

#variableincome #freelancetok #1099 #freelancer #smallbiz #budgetingtips #fyp #swipe",#variableincome #freelancetok #1099 #freelancer #smallbiz #budgetingtips #fyp #swipe,,,,7 slides
C21_real-estate-agent,C21,real-estate-agent,pending,"How agents budget commission.

#variableincome #freelancetok #1099 #freelancer #smallbiz #budgetingtips #fyp #swipe",#variableincome #freelancetok #1099 #freelancer #smallbiz #budgetingtips #fyp #swipe,,,,7 slides
C22_rideshare-driver,C22,rideshare-driver,pending,"How drivers budget gig income.

#variableincome #freelancetok #1099 #freelancer #smallbiz #budgetingtips #fyp #swipe",#variableincome #freelancetok #1099 #freelancer #smallbiz #budgetingtips #fyp #swipe,,,,7 slides
C23_etsy-seller,C23,etsy-seller,pending,"How Etsy sellers budget variable sales.

#variableincome #freelancetok #1099 #freelancer #smallbiz #budgetingtips #fyp #swipe",#variableincome #freelancetok #1099 #freelancer #smallbiz #budgetingtips #fyp #swipe,,,,7 slides
C24_coach-consultant,C24,coach-consultant,pending,"How coaches budget sessions.

#variableincome #freelancetok #1099 #freelancer #smallbiz #budgetingtips #fyp #swipe",#variableincome #freelancetok #1099 #freelancer #smallbiz #budgetingtips #fyp #swipe,,,,7 slides
C25_commission-income,C25,commission-income,pending,"Commission survival guide.

#variableincome #freelancetok #1099 #freelancer #smallbiz #budgetingtips #fyp #swipe",#variableincome #freelancetok #1099 #freelancer #smallbiz #budgetingtips #fyp #swipe,,,,7 slides
C26_emergency-fund,C26,emergency-fund,pending,"Three months isn't enough.

#variableincome #freelancetok #1099 #freelancer #smallbiz #budgetingtips #fyp #swipe",#variableincome #freelancetok #1099 #freelancer #smallbiz #budgetingtips #fyp #swipe,,,,7 slides
C27_tax-set-aside,C27,tax-set-aside,pending,"How much for taxes?

#variableincome #freelancetok #1099 #freelancer #smallbiz #budgetingtips #fyp #swipe",#variableincome #freelancetok #1099 #freelancer #smallbiz #budgetingtips #fyp #swipe,,,,7 slides
C28_1099-nec,C28,1099-nec,pending,"What is a 1099-NEC?

#variableincome #freelancetok #1099 #freelancer #smallbiz #budgetingtips #fyp #swipe",#variableincome #freelancetok #1099 #freelancer #smallbiz #budgetingtips #fyp #swipe,,,,6 slides
C30_bad-month-quarterly,C30,bad-month-quarterly,pending,"Quarterlies due. Bad month.

#variableincome #freelancetok #1099 #freelancer #smallbiz #budgetingtips #fyp #swipe",#variableincome #freelancetok #1099 #freelancer #smallbiz #budgetingtips #fyp #swipe,,,,6 slides
C34_get-out-of-debt,C34,get-out-of-debt,pending,"Debt with variable income.

#variableincome #freelancetok #1099 #freelancer #smallbiz #budgetingtips #fyp #swipe",#variableincome #freelancetok #1099 #freelancer #smallbiz #budgetingtips #fyp #swipe,,,,7 slides
C35_credit-score,C35,credit-score,pending,"Your credit in 6 slides.

#variableincome #freelancetok #1099 #freelancer #smallbiz #budgetingtips #fyp #swipe",#variableincome #freelancetok #1099 #freelancer #smallbiz #budgetingtips #fyp #swipe,,,,7 slides
C36_pay-yourself-first,C36,pay-yourself-first,pending,"Pay yourself automatically.

#variableincome #freelancetok #1099 #freelancer #smallbiz #budgetingtips #fyp #swipe",#variableincome #freelancetok #1099 #freelancer #smallbiz #budgetingtips #fyp #swipe,,,,7 slides
C37_how-money-works,C37,how-money-works,pending,"How money actually grows.

#variableincome #freelancetok #1099 #freelancer #smallbiz #budgetingtips #fyp #swipe",#variableincome #freelancetok #1099 #freelancer #smallbiz #budgetingtips #fyp #swipe,,,,8 slides
C38_business-funding,C38,business-funding,pending,"Business funding. Without losing it.

#variableincome #freelancetok #1099 #freelancer #smallbiz #budgetingtips #fyp #swipe",#variableincome #freelancetok #1099 #freelancer #smallbiz #budgetingtips #fyp #swipe,,,,7 slides
C39_three-kinds-of-broke,C39,three-kinds-of-broke,pending,"Three kinds of broke at Day 30.

#variableincome #freelancetok #1099 #freelancer #smallbiz #budgetingtips #fyp #swipe",#variableincome #freelancetok #1099 #freelancer #smallbiz #budgetingtips #fyp #swipe,,,,8 slides
C40_built-wrong-for-you,C40,built-wrong-for-you,pending,"Why apps fail you specifically.

#variableincome #freelancetok #1099 #freelancer #smallbiz #budgetingtips #fyp #swipe",#variableincome #freelancetok #1099 #freelancer #smallbiz #budgetingtips #fyp #swipe,,,,8 slides
C42_calm-month,C42,calm-month,pending,"What a calm month actually feels like.

#variableincome #freelancetok #1099 #freelancer #smallbiz #budgetingtips #fyp #swipe",#variableincome #freelancetok #1099 #freelancer #smallbiz #budgetingtips #fyp #swipe,,,,8 slides
C43_how-able-works,C43,how-able-works,pending,"How Able works in 7 slides.

#variableincome #freelancetok #1099 #freelancer #smallbiz #budgetingtips #fyp #swipe",#variableincome #freelancetok #1099 #freelancer #smallbiz #budgetingtips #fyp #swipe,,,,8 slides
C45_how-breathing-again-works,C45,how-breathing-again-works,pending,"How breathing again works.

#variableincome #freelancetok #1099 #freelancer #smallbiz #budgetingtips #fyp #swipe",#variableincome #freelancetok #1099 #freelancer #smallbiz #budgetingtips #fyp #swipe,,,,6 slides
C44_day-1-to-90,C44,day-1-to-90,pending,"Day 1 to Day 90 with Able.

#variableincome #freelancetok #1099 #freelancer #smallbiz #budgetingtips #fyp #swipe",#variableincome #freelancetok #1099 #freelancer #smallbiz #budgetingtips #fyp #swipe,,,,8 slides
C46_emergency-fund-vs-reserve,C46,emergency-fund-vs-reserve,pending,"Emergency fund vs reserve. What's the difference?

#variableincome #freelancetok #1099 #freelancer #smallbiz #budgetingtips #fyp #swipe",#variableincome #freelancetok #1099 #freelancer #smallbiz #budgetingtips #fyp #swipe,,,,6 slides
C48_monthly-budgets-fail,C48,monthly-budgets-fail,pending,"Why monthly budgets fail with variable income.

#variableincome #freelancetok #1099 #freelancer #smallbiz #budgetingtips #fyp #swipe",#variableincome #freelancetok #1099 #freelancer #smallbiz #budgetingtips #fyp #swipe,,,,6 slides
C49_five-mistakes-1099-year-one,C49,five-mistakes-1099-year-one,pending,"5 mistakes 1099 workers make in year one.

#variableincome #freelancetok #1099 #freelancer #smallbiz #budgetingtips #fyp #swipe",#variableincome #freelancetok #1099 #freelancer #smallbiz #budgetingtips #fyp #swipe,,,,7 slides
C50_never-you,C50,never-you,pending,"The problem was never you.

#variableincome #freelancetok #1099 #freelancer #smallbiz #budgetingtips #fyp #swipe",#variableincome #freelancetok #1099 #freelancer #smallbiz #budgetingtips #fyp #swipe,,,,6 slides
C51_cost-of-waiting,C51,cost-of-waiting,pending,"By the 30th, $500 to $1,000 is gone.

#variableincome #freelancetok #1099 #freelancer #smallbiz #budgetingtips #fyp #swipe",#variableincome #freelancetok #1099 #freelancer #smallbiz #budgetingtips #fyp #swipe,,,,6 slides
C52_floor-first-five-rules,C52,floor-first-five-rules,pending,"Floor-First Budgeting. 5 rules.

#variableincome #freelancetok #1099 #freelancer #smallbiz #budgetingtips #fyp #swipe",#variableincome #freelancetok #1099 #freelancer #smallbiz #budgetingtips #fyp #swipe,,,,7 slides
C53_why-able-exists,C53,why-able-exists,pending,"Why Able exists.

#variableincome #freelancetok #1099 #freelancer #smallbiz #budgetingtips #fyp #swipe",#variableincome #freelancetok #1099 #freelancer #smallbiz #budgetingtips #fyp #swipe,,,,5 slides
C54_real-fear-not-knowing,C54,real-fear-not-knowing,pending,"The fear isn't money.

#variableincome #freelancetok #1099 #freelancer #smallbiz #budgetingtips #fyp #swipe",#variableincome #freelancetok #1099 #freelancer #smallbiz #budgetingtips #fyp #swipe,,,,5 slides
C55_freeze-to-flow,C55,freeze-to-flow,pending,"From freeze to flow.

#variableincome #freelancetok #1099 #freelancer #smallbiz #budgetingtips #fyp #swipe",#variableincome #freelancetok #1099 #freelancer #smallbiz #budgetingtips #fyp #swipe,,,,5 slides
C56_three-steps,C56,three-steps,pending,"Able in 3 steps.

#variableincome #freelancetok #1099 #freelancer #smallbiz #budgetingtips #fyp #swipe",#variableincome #freelancetok #1099 #freelancer #smallbiz #budgetingtips #fyp #swipe,,,,5 slides
C57_i-am-able-to,C57,i-am-able-to,pending,"I am able.

#variableincome #freelancetok #1099 #freelancer #smallbiz #budgetingtips #fyp #swipe",#variableincome #freelancetok #1099 #freelancer #smallbiz #budgetingtips #fyp #swipe,,,,6 slides
C58_thirty-days-with-able,C58,thirty-days-with-able,pending,"30 days with Able.

#variableincome #freelancetok #1099 #freelancer #smallbiz #budgetingtips #fyp #swipe",#variableincome #freelancetok #1099 #freelancer #smallbiz #budgetingtips #fyp #swipe,,,,6 slides
C59_day-one-with-able,C59,day-one-with-able,pending,"Day 1 with Able.

#variableincome #freelancetok #1099 #freelancer #smallbiz #budgetingtips #fyp #swipe",#variableincome #freelancetok #1099 #freelancer #smallbiz #budgetingtips #fyp #swipe,,,,6 slides
C60_snowball-or-avalanche,C60,snowball-or-avalanche,pending,"Snowball or avalanche?

#variableincome #freelancetok #1099 #freelancer #smallbiz #budgetingtips #fyp #swipe",#variableincome #freelancetok #1099 #freelancer #smallbiz #budgetingtips #fyp #swipe,,,,6 slides
C61_credit-utilization-hack,C61,credit-utilization-hack,pending,"The biggest credit score hack.

#variableincome #freelancetok #1099 #freelancer #smallbiz #budgetingtips #fyp #swipe",#variableincome #freelancetok #1099 #freelancer #smallbiz #budgetingtips #fyp #swipe,,,,5 slides
C62_tax-setaside-percent,C62,tax-setaside-percent,pending,"How much to set aside for taxes?

#variableincome #freelancetok #1099 #freelancer #smallbiz #budgetingtips #fyp #swipe",#variableincome #freelancetok #1099 #freelancer #smallbiz #budgetingtips #fyp #swipe,,,,6 slides
C63_emergency-fund-is-a-lie,C63,emergency-fund-is-a-lie,pending,"Your emergency fund is a lie.

#variableincome #freelancetok #1099 #freelancer #smallbiz #budgetingtips #fyp #swipe",#variableincome #freelancetok #1099 #freelancer #smallbiz #budgetingtips #fyp #swipe,,,,5 slides
C64_save-10-percent-doesnt-work,C64,save-10-percent-doesnt-work,pending,"Why save 10% doesn't work.

#variableincome #freelancetok #1099 #freelancer #smallbiz #budgetingtips #fyp #swipe",#variableincome #freelancetok #1099 #freelancer #smallbiz #budgetingtips #fyp #swipe,,,,5 slides
C65_dti-ratio,C65,dti-ratio,pending,"The number lenders care about.

#variableincome #freelancetok #1099 #freelancer #smallbiz #budgetingtips #fyp #swipe",#variableincome #freelancetok #1099 #freelancer #smallbiz #budgetingtips #fyp #swipe,,,,5 slides
C66_profit-first-vs-pyf,C66,profit-first-vs-pyf,pending,"Profit First or PYF?

#variableincome #freelancetok #1099 #freelancer #smallbiz #budgetingtips #fyp #swipe",#variableincome #freelancetok #1099 #freelancer #smallbiz #budgetingtips #fyp #swipe,,,,5 slides
C67_day-one-to-thirty-one-leak,C67,day-one-to-thirty-one-leak,pending,"The Day 1 to Day 31 cycle.

#variableincome #freelancetok #1099 #freelancer #smallbiz #budgetingtips #fyp #swipe",#variableincome #freelancetok #1099 #freelancer #smallbiz #budgetingtips #fyp #swipe,,,,6 slides
C68_pay-yourself-or-hobby,C68,pay-yourself-or-hobby,pending,"If you don't pay yourself, it's a hobby.

#variableincome #freelancetok #1099 #freelancer #smallbiz #budgetingtips #fyp #swipe",#variableincome #freelancetok #1099 #freelancer #smallbiz #budgetingtips #fyp #swipe,,,,5 slides
C70_persona-freelancers,C70,persona-freelancers,pending,"Freelance income doesn't follow a schedule.

#variableincome #freelancetok #1099 #freelancer #smallbiz #budgetingtips #fyp #freelance",#variableincome #freelancetok #1099 #freelancer #smallbiz #budgetingtips #fyp #freelance,,,,5 slides
C71_persona-creators,C71,persona-creators,pending,"Creator income. Lumpy. By design.

#variableincome #freelancetok #1099 #freelancer #smallbiz #budgetingtips #fyp #creator",#variableincome #freelancetok #1099 #freelancer #smallbiz #budgetingtips #fyp #creator,,,,5 slides
C72_persona-gig-drivers,C72,persona-gig-drivers,pending,"Daily earnings. Daily decisions.

#variableincome #freelancetok #1099 #freelancer #smallbiz #budgetingtips #fyp #gig",#variableincome #freelancetok #1099 #freelancer #smallbiz #budgetingtips #fyp #gig,,,,5 slides
C73_persona-commission,C73,persona-commission,pending,"Closing month: $9K. Dry month: $1,400.

#variableincome #freelancetok #1099 #freelancer #smallbiz #budgetingtips #fyp #commission",#variableincome #freelancetok #1099 #freelancer #smallbiz #budgetingtips #fyp #commission,,,,5 slides
C74_persona-business-owners,C74,persona-business-owners,pending,"Payroll Friday. Your pay? Sometimes.

#variableincome #freelancetok #1099 #freelancer #smallbiz #budgetingtips #fyp #business",#variableincome #freelancetok #1099 #freelancer #smallbiz #budgetingtips #fyp #business,,,,5 slides
C75_feature-coach,C75,feature-coach,pending,"When the math feels personal.

#variableincome #freelancetok #1099 #freelancer #smallbiz #budgetingtips #fyp #coach",#variableincome #freelancetok #1099 #freelancer #smallbiz #budgetingtips #fyp #coach,,,,5 slides
C76_feature-score,C76,feature-score,pending,"Your Score. Not your credit one.

#variableincome #freelancetok #1099 #freelancer #smallbiz #budgetingtips #fyp #score",#variableincome #freelancetok #1099 #freelancer #smallbiz #budgetingtips #fyp #score,,,,5 slides
C77_feature-bills,C77,feature-bills,pending,"Every bill. Reserved. In order.

#variableincome #freelancetok #1099 #freelancer #smallbiz #budgetingtips #fyp #bills",#variableincome #freelancetok #1099 #freelancer #smallbiz #budgetingtips #fyp #bills,,,,5 slides
C78_feature-tax,C78,feature-tax,pending,"Off the top. Every deposit. Not April.

#variableincome #freelancetok #1099 #freelancer #smallbiz #budgetingtips #fyp #tax",#variableincome #freelancetok #1099 #freelancer #smallbiz #budgetingtips #fyp #tax,,,,5 slides
C79_feature-deep-dive,C79,feature-deep-dive,pending,"The month, replayed. Where did it actually go?

#variableincome #freelancetok #1099 #freelancer #smallbiz #budgetingtips #fyp #deepdive",#variableincome #freelancetok #1099 #freelancer #smallbiz #budgetingtips #fyp #deepdive,,,,5 slides
C80_counter-mint,C80,counter-mint,pending,"Coming from Mint?

#variableincome #freelancetok #1099 #freelancer #smallbiz #budgetingtips #fyp #mint",#variableincome #freelancetok #1099 #freelancer #smallbiz #budgetingtips #fyp #mint,,,,5 slides
C81_counter-ynab,C81,counter-ynab,pending,"Zero-based. Asks you to assign every dollar.

#variableincome #freelancetok #1099 #freelancer #smallbiz #budgetingtips #fyp #ynab",#variableincome #freelancetok #1099 #freelancer #smallbiz #budgetingtips #fyp #ynab,,,,5 slides
C82_counter-fifty-thirty-twenty,C82,counter-fifty-thirty-twenty,pending,"50 needs. 30 wants. 20 savings.

#variableincome #freelancetok #1099 #freelancer #smallbiz #budgetingtips #fyp #503020",#variableincome #freelancetok #1099 #freelancer #smallbiz #budgetingtips #fyp #503020,,,,5 slides
C83_counter-profit-first,C83,counter-profit-first,pending,"Profit First. Same idea. Quarterly clock.

#variableincome #freelancetok #1099 #freelancer #smallbiz #budgetingtips #fyp #profitfirst",#variableincome #freelancetok #1099 #freelancer #smallbiz #budgetingtips #fyp #profitfirst,,,,5 slides
C84_counter-spreadsheet,C84,counter-spreadsheet,pending,"Your spreadsheet. Flat lines. For a wave paycheck.

#variableincome #freelancetok #1099 #freelancer #smallbiz #budgetingtips #fyp #spreadsheet",#variableincome #freelancetok #1099 #freelancer #smallbiz #budgetingtips #fyp #spreadsheet,,,,5 slides
C85_scenario-rent-due-friday,C85,scenario-rent-due-friday,pending,"Rent due Friday. Last check Tuesday.

#variableincome #freelancetok #1099 #freelancer #smallbiz #budgetingtips #fyp #scenario",#variableincome #freelancetok #1099 #freelancer #smallbiz #budgetingtips #fyp #scenario,,,,5 slides
C86_scenario-big-check-cleared,C86,scenario-big-check-cleared,pending,"Client check. Just cleared.

#variableincome #freelancetok #1099 #freelancer #smallbiz #budgetingtips #fyp #scenario",#variableincome #freelancetok #1099 #freelancer #smallbiz #budgetingtips #fyp #scenario,,,,5 slides
C87_scenario-slow-vs-busy,C87,scenario-slow-vs-busy,pending,"Busy month. Then a slow one.

#variableincome #freelancetok #1099 #freelancer #smallbiz #budgetingtips #fyp #scenario",#variableincome #freelancetok #1099 #freelancer #smallbiz #budgetingtips #fyp #scenario,,,,5 slides
C88_scenario-quarterly-tax-due,C88,scenario-quarterly-tax-due,pending,"Quarterly tax due this month.

#variableincome #freelancetok #1099 #freelancer #smallbiz #budgetingtips #fyp #scenario",#variableincome #freelancetok #1099 #freelancer #smallbiz #budgetingtips #fyp #scenario,,,,5 slides
C89_scenario-bonus-arrived,C89,scenario-bonus-arrived,pending,"Bonus hit. Or a refund. Or a gift.

#variableincome #freelancetok #1099 #freelancer #smallbiz #budgetingtips #fyp #scenario",#variableincome #freelancetok #1099 #freelancer #smallbiz #budgetingtips #fyp #scenario,,,,5 slides
C90_scenario-zero-balance,C90,scenario-zero-balance,pending,"Checking hit $0. Again.

#variableincome #freelancetok #1099 #freelancer #smallbiz #budgetingtips #fyp #scenario",#variableincome #freelancetok #1099 #freelancer #smallbiz #budgetingtips #fyp #scenario,,,,5 slides
C91_freelancer-day-1-31,C91,freelancer-day-1-31,pending,"Freelancer. Day 1. New client. New invoice.

#variableincome #freelancetok #1099 #freelancer #smallbiz #budgetingtips #fyp #freelance",#variableincome #freelancetok #1099 #freelancer #smallbiz #budgetingtips #fyp #freelance,,,,5 slides
C92_creator-day-1-31,C92,creator-day-1-31,pending,"Creator. Day 1. Sponsor wire cleared.

#variableincome #freelancetok #1099 #freelancer #smallbiz #budgetingtips #fyp #creator",#variableincome #freelancetok #1099 #freelancer #smallbiz #budgetingtips #fyp #creator,,,,5 slides
C93_gig-driver-day-1-31,C93,gig-driver-day-1-31,pending,"Gig driver. Day 1. Shift just ended.

#variableincome #freelancetok #1099 #freelancer #smallbiz #budgetingtips #fyp #gig",#variableincome #freelancetok #1099 #freelancer #smallbiz #budgetingtips #fyp #gig,,,,5 slides
C94_commission-day-1-31,C94,commission-day-1-31,pending,"Commission rep. Day 1. Deal closed. Commission lands.

#variableincome #freelancetok #1099 #freelancer #smallbiz #budgetingtips #fyp #commission",#variableincome #freelancetok #1099 #freelancer #smallbiz #budgetingtips #fyp #commission,,,,5 slides
C95_business-owner-day-1-31,C95,business-owner-day-1-31,pending,"Owner. Day 1. Client deposit cleared.

#variableincome #freelancetok #1099 #freelancer #smallbiz #budgetingtips #fyp #business",#variableincome #freelancetok #1099 #freelancer #smallbiz #budgetingtips #fyp #business,,,,5 slides
C96_feature-debt-tracker,C96,feature-debt-tracker,pending,"Debt. Tracked.

#variableincome #freelancetok #1099 #freelancer #smallbiz #budgetingtips #fyp #debts",#variableincome #freelancetok #1099 #freelancer #smallbiz #budgetingtips #fyp #debts,,,,5 slides
C97_feature-log-income,C97,feature-log-income,pending,"Cash. Venmo. PayPal. Anything.

#variableincome #freelancetok #1099 #freelancer #smallbiz #budgetingtips #fyp #logincome",#variableincome #freelancetok #1099 #freelancer #smallbiz #budgetingtips #fyp #logincome,,,,5 slides
C98_feature-tax-classify,C98,feature-tax-classify,pending,"Business meal? Personal? Tag it.

#variableincome #freelancetok #1099 #freelancer #smallbiz #budgetingtips #fyp #taxclassify",#variableincome #freelancetok #1099 #freelancer #smallbiz #budgetingtips #fyp #taxclassify,,,,5 slides
C99_feature-dashboard,C99,feature-dashboard,pending,"One screen. Where everything fits.

#variableincome #freelancetok #1099 #freelancer #smallbiz #budgetingtips #fyp #home",#variableincome #freelancetok #1099 #freelancer #smallbiz #budgetingtips #fyp #home,,,,5 slides
C100_persona-designer-developer,C100,persona-designer-developer,pending,"Net-60 invoice. Bills due net-zero.

#variableincome #freelancetok #1099 #freelancer #smallbiz #budgetingtips #fyp #design",#variableincome #freelancetok #1099 #freelancer #smallbiz #budgetingtips #fyp #design,,,,5 slides
C101_persona-real-estate,C101,persona-real-estate,pending,"Closed in March. Next deal? June.

#variableincome #freelancetok #1099 #freelancer #smallbiz #budgetingtips #fyp #realestate",#variableincome #freelancetok #1099 #freelancer #smallbiz #budgetingtips #fyp #realestate,,,,5 slides
C102_persona-etsy-shopify,C102,persona-etsy-shopify,pending,"November-December. Then a cliff.

#variableincome #freelancetok #1099 #freelancer #smallbiz #budgetingtips #fyp #seller",#variableincome #freelancetok #1099 #freelancer #smallbiz #budgetingtips #fyp #seller,,,,5 slides
C103_persona-tipped-server,C103,persona-tipped-server,pending,"Tuesday: $84. Saturday: $340.

#variableincome #freelancetok #1099 #freelancer #smallbiz #budgetingtips #fyp #tips",#variableincome #freelancetok #1099 #freelancer #smallbiz #budgetingtips #fyp #tips,,,,5 slides
C104_persona-nurse-prn,C104,persona-nurse-prn,pending,"PRN. Travel. Per-diem. Income that shifts like you do.

#variableincome #freelancetok #1099 #freelancer #smallbiz #budgetingtips #fyp #nurse",#variableincome #freelancetok #1099 #freelancer #smallbiz #budgetingtips #fyp #nurse,,,,5 slides
C105_scenario-lost-client,C105,scenario-lost-client,pending,"Your biggest client just churned.

#variableincome #freelancetok #1099 #freelancer #smallbiz #budgetingtips #fyp #scenario",#variableincome #freelancetok #1099 #freelancer #smallbiz #budgetingtips #fyp #scenario,,,,5 slides
C106_scenario-subscription-leak,C106,scenario-subscription-leak,pending,"Pulled your statements. $340 in subscriptions.

#variableincome #freelancetok #1099 #freelancer #smallbiz #budgetingtips #fyp #scenario",#variableincome #freelancetok #1099 #freelancer #smallbiz #budgetingtips #fyp #scenario,,,,5 slides
C107_scenario-card-declined,C107,scenario-card-declined,pending,"Buying coffee. Card said no.

#variableincome #freelancetok #1099 #freelancer #smallbiz #budgetingtips #fyp #scenario",#variableincome #freelancetok #1099 #freelancer #smallbiz #budgetingtips #fyp #scenario,,,,5 slides
C108_scenario-year-end,C108,scenario-year-end,pending,"December 31. Twelve months in.

#variableincome #freelancetok #1099 #freelancer #smallbiz #budgetingtips #fyp #scenario",#variableincome #freelancetok #1099 #freelancer #smallbiz #budgetingtips #fyp #scenario,,,,5 slides
C109_scenario-medical-bill,C109,scenario-medical-bill,pending,"$1,200 bill you didn't plan for.

#variableincome #freelancetok #1099 #freelancer #smallbiz #budgetingtips #fyp #scenario",#variableincome #freelancetok #1099 #freelancer #smallbiz #budgetingtips #fyp #scenario,,,,5 slides
C110_scenario-2am-panic,C110,scenario-2am-panic,pending,"2 AM. Checking your balance. Again.

#variableincome #freelancetok #1099 #freelancer #smallbiz #budgetingtips #fyp #scenario",#variableincome #freelancetok #1099 #freelancer #smallbiz #budgetingtips #fyp #scenario,,,,5 slides
C111_identity-sunday-calm,C111,identity-sunday-calm,pending,"Sunday night. Used to be the dread.

#variableincome #freelancetok #1099 #freelancer #smallbiz #budgetingtips #fyp #identity",#variableincome #freelancetok #1099 #freelancer #smallbiz #budgetingtips #fyp #identity,,,,5 slides
C112_identity-nothing-broke,C112,identity-nothing-broke,pending,"Day 31. Nothing broke.

#variableincome #freelancetok #1099 #freelancer #smallbiz #budgetingtips #fyp #identity",#variableincome #freelancetok #1099 #freelancer #smallbiz #budgetingtips #fyp #identity,,,,5 slides
C113_identity-partner-talk,C113,identity-partner-talk,pending,"""How are we doing?"" Used to be a hard question.

#variableincome #freelancetok #1099 #freelancer #smallbiz #budgetingtips #fyp #identity",#variableincome #freelancetok #1099 #freelancer #smallbiz #budgetingtips #fyp #identity,,,,5 slides
C114_identity-year-one,C114,identity-year-one,pending,"One year in. You're still a freelancer.

#variableincome #freelancetok #1099 #freelancer #smallbiz #budgetingtips #fyp #identity",#variableincome #freelancetok #1099 #freelancer #smallbiz #budgetingtips #fyp #identity,,,,5 slides
C115_identity-stopped-checking,C115,identity-stopped-checking,pending,"Tuesday. Realized you hadn't checked your balance.

#variableincome #freelancetok #1099 #freelancer #smallbiz #budgetingtips #fyp #identity",#variableincome #freelancetok #1099 #freelancer #smallbiz #budgetingtips #fyp #identity,,,,5 slides
C116_learn-proper-protection,C116,learn-proper-protection,pending,"Protect your income before you grow it.

#variableincome #freelancetok #1099 #freelancer #smallbiz #budgetingtips #fyp #protection",#variableincome #freelancetok #1099 #freelancer #smallbiz #budgetingtips #fyp #protection,,,,5 slides
C117_learn-emergency-fund,C117,learn-emergency-fund,pending,"The cash that keeps you off the credit card.

#variableincome #freelancetok #1099 #freelancer #smallbiz #budgetingtips #fyp #emergencyfund",#variableincome #freelancetok #1099 #freelancer #smallbiz #budgetingtips #fyp #emergencyfund,,,,5 slides
C118_learn-debt-management,C118,learn-debt-management,pending,"Debt is the biggest drag on wealth.

#variableincome #freelancetok #1099 #freelancer #smallbiz #budgetingtips #fyp #debt",#variableincome #freelancetok #1099 #freelancer #smallbiz #budgetingtips #fyp #debt,,,,5 slides
C119_learn-cash-flow,C119,learn-cash-flow,pending,"Income minus expenses equals freedom.

#variableincome #freelancetok #1099 #freelancer #smallbiz #budgetingtips #fyp #cashflow",#variableincome #freelancetok #1099 #freelancer #smallbiz #budgetingtips #fyp #cashflow,,,,5 slides
C120_learn-build-wealth,C120,learn-build-wealth,pending,"Make your money work for you.

#variableincome #freelancetok #1099 #freelancer #smallbiz #budgetingtips #fyp #wealth",#variableincome #freelancetok #1099 #freelancer #smallbiz #budgetingtips #fyp #wealth,,,,5 slides
C121_learn-protect-wealth,C121,learn-protect-wealth,pending,"Building is half. Keeping is the other.

#variableincome #freelancetok #1099 #freelancer #smallbiz #budgetingtips #fyp #protect",#variableincome #freelancetok #1099 #freelancer #smallbiz #budgetingtips #fyp #protect,,,,5 slides
C122_learn-paydex-80,C122,learn-paydex-80,pending,"PAYDEX 80+. The threshold lenders want.

#variableincome #freelancetok #1099 #freelancer #smallbiz #budgetingtips #fyp #businesscredit",#variableincome #freelancetok #1099 #freelancer #smallbiz #budgetingtips #fyp #businesscredit,,,,5 slides
C123_learn-mca-trap,C123,learn-mca-trap,pending,"MCA: Merchant Cash Advance.

#variableincome #freelancetok #1099 #freelancer #smallbiz #budgetingtips #fyp #warning",#variableincome #freelancetok #1099 #freelancer #smallbiz #budgetingtips #fyp #warning,,,,5 slides
C124_learn-business-denied,C124,learn-business-denied,pending,"Small biz loan applications: 80% get denied.

#variableincome #freelancetok #1099 #freelancer #smallbiz #budgetingtips #fyp #funding",#variableincome #freelancetok #1099 #freelancer #smallbiz #budgetingtips #fyp #funding,,,,5 slides
C125_learn-credit-utilization,C125,learn-credit-utilization,pending,"Credit utilization: the fastest way to boost your score.

#variableincome #freelancetok #1099 #freelancer #smallbiz #budgetingtips #fyp #credit",#variableincome #freelancetok #1099 #freelancer #smallbiz #budgetingtips #fyp #credit,,,,5 slides
C126_brandscript-general,C126,brandscript-general,pending,"You want to stop worrying about money.

#variableincome #freelancetok #1099 #freelancer #smallbiz #budgetingtips #fyp #brandscript",#variableincome #freelancetok #1099 #freelancer #smallbiz #budgetingtips #fyp #brandscript,,,,6 slides
C127_brandscript-freelance,C127,brandscript-freelance,pending,"You want to stop refreshing your bank.

#variableincome #freelancetok #1099 #freelancer #smallbiz #budgetingtips #fyp #freelance",#variableincome #freelancetok #1099 #freelancer #smallbiz #budgetingtips #fyp #freelance,,,,6 slides
C128_brandscript-creator,C128,brandscript-creator,pending,"You want to stop dreading the famine between deals.

#variableincome #freelancetok #1099 #freelancer #smallbiz #budgetingtips #fyp #creator",#variableincome #freelancetok #1099 #freelancer #smallbiz #budgetingtips #fyp #creator,,,,6 slides
C129_brandscript-gig,C129,brandscript-gig,pending,"You want to stop counting tomorrow's shifts.

#variableincome #freelancetok #1099 #freelancer #smallbiz #budgetingtips #fyp #gig",#variableincome #freelancetok #1099 #freelancer #smallbiz #budgetingtips #fyp #gig,,,,6 slides
C130_brandscript-commission,C130,brandscript-commission,pending,"You want pay that stays flat between deals.

#variableincome #freelancetok #1099 #freelancer #smallbiz #budgetingtips #fyp #commission",#variableincome #freelancetok #1099 #freelancer #smallbiz #budgetingtips #fyp #commission,,,,6 slides
C131_brandscript-business,C131,brandscript-business,pending,"You want to stop being your own last priority.

#variableincome #freelancetok #1099 #freelancer #smallbiz #budgetingtips #fyp #business",#variableincome #freelancetok #1099 #freelancer #smallbiz #budgetingtips #fyp #business,,,,6 slides
C132_brandscript-you-freeze,C132,brandscript-you-freeze,pending,"You want to stop the freeze.

#variableincome #freelancetok #1099 #freelancer #smallbiz #budgetingtips #fyp #brandscript",#variableincome #freelancetok #1099 #freelancer #smallbiz #budgetingtips #fyp #brandscript,,,,6 slides
C133_brandscript-not-your-fault,C133,brandscript-not-your-fault,pending,"You want to stop blaming yourself.

#variableincome #freelancetok #1099 #freelancer #smallbiz #budgetingtips #fyp #brandscript",#variableincome #freelancetok #1099 #freelancer #smallbiz #budgetingtips #fyp #brandscript,,,,6 slides
C134_brandscript-break-the-loop,C134,brandscript-break-the-loop,pending,"You want to break the loop.

#variableincome #freelancetok #1099 #freelancer #smallbiz #budgetingtips #fyp #brandscript",#variableincome #freelancetok #1099 #freelancer #smallbiz #budgetingtips #fyp #brandscript,,,,6 slides
C135_brandscript-stop-avoiding,C135,brandscript-stop-avoiding,pending,"You want to stop avoiding your money.

#variableincome #freelancetok #1099 #freelancer #smallbiz #budgetingtips #fyp #brandscript",#variableincome #freelancetok #1099 #freelancer #smallbiz #budgetingtips #fyp #brandscript,,,,6 slides
C136_brandscript-pay-down-debt,C136,brandscript-pay-down-debt,pending,"You want to pay down debt.

#variableincome #freelancetok #1099 #freelancer #smallbiz #budgetingtips #fyp #brandscript",#variableincome #freelancetok #1099 #freelancer #smallbiz #budgetingtips #fyp #brandscript,,,,6 slides
C137_learn-debt-variable-income,C137,learn-debt-variable-income,pending,"Every debt book assumes a steady paycheck.

#variableincome #freelancetok #1099 #freelancer #smallbiz #budgetingtips #fyp #debt",#variableincome #freelancetok #1099 #freelancer #smallbiz #budgetingtips #fyp #debt,,,,5 slides
C138_learn-debt-to-income,C138,learn-debt-to-income,pending,"Debt-to-income. The number every lender checks.

#variableincome #freelancetok #1099 #freelancer #smallbiz #budgetingtips #fyp #dti",#variableincome #freelancetok #1099 #freelancer #smallbiz #budgetingtips #fyp #dti,,,,5 slides
C139_learn-debt-consolidation,C139,learn-debt-consolidation,pending,"Consolidation: a tool. Not a magic fix.

#variableincome #freelancetok #1099 #freelancer #smallbiz #budgetingtips #fyp #consolidation",#variableincome #freelancetok #1099 #freelancer #smallbiz #budgetingtips #fyp #consolidation,,,,5 slides
C140_learn-collections,C140,learn-collections,pending,"Collections notice? Don't panic. Use the system.

#variableincome #freelancetok #1099 #freelancer #smallbiz #budgetingtips #fyp #collections",#variableincome #freelancetok #1099 #freelancer #smallbiz #budgetingtips #fyp #collections,,,,5 slides
C141_learn-negotiate-creditors,C141,learn-negotiate-creditors,pending,"You have more leverage than you think.

#variableincome #freelancetok #1099 #freelancer #smallbiz #budgetingtips #fyp #negotiate",#variableincome #freelancetok #1099 #freelancer #smallbiz #budgetingtips #fyp #negotiate,,,,5 slides
C142_learn-debt-feels-impossible,C142,learn-debt-feels-impossible,pending,"Make money. Pay minimums. End up back where you started.

#variableincome #freelancetok #1099 #freelancer #smallbiz #budgetingtips #fyp #debtcycle",#variableincome #freelancetok #1099 #freelancer #smallbiz #budgetingtips #fyp #debtcycle,,,,5 slides
C143_learn-good-vs-bad-debt,C143,learn-good-vs-bad-debt,pending,"Not all debt is the enemy.

#variableincome #freelancetok #1099 #freelancer #smallbiz #budgetingtips #fyp #debt",#variableincome #freelancetok #1099 #freelancer #smallbiz #budgetingtips #fyp #debt,,,,5 slides
C144_learn-credit-score-factors,C144,learn-credit-score-factors,pending,"Your credit score: five factors behind one number.

#variableincome #freelancetok #1099 #freelancer #smallbiz #budgetingtips #fyp #credit",#variableincome #freelancetok #1099 #freelancer #smallbiz #budgetingtips #fyp #credit,,,,5 slides
C151_learn-rule-of-72,C151,learn-rule-of-72,pending,"Rule of 72: the math shortcut that reveals everything.

#variableincome #freelancetok #1099 #freelancer #smallbiz #budgetingtips #fyp #math",#variableincome #freelancetok #1099 #freelancer #smallbiz #budgetingtips #fyp #math,,,,5 slides
C152_learn-compound-interest,C152,learn-compound-interest,pending,"Year 15: the curve bends.

#variableincome #freelancetok #1099 #freelancer #smallbiz #budgetingtips #fyp #compounding",#variableincome #freelancetok #1099 #freelancer #smallbiz #budgetingtips #fyp #compounding,,,,5 slides
C153_learn-money-skill,C153,learn-money-skill,pending,"Money isn't a personality trait.

#variableincome #freelancetok #1099 #freelancer #smallbiz #budgetingtips #fyp #identity",#variableincome #freelancetok #1099 #freelancer #smallbiz #budgetingtips #fyp #identity,,,,5 slides
C154_learn-life-firsts,C154,learn-life-firsts,pending,"First car. First home. Marriage. Family.

#variableincome #freelancetok #1099 #freelancer #smallbiz #budgetingtips #fyp #lifemoments",#variableincome #freelancetok #1099 #freelancer #smallbiz #budgetingtips #fyp #lifemoments,,,,5 slides
C157_learn-schedule-c,C157,learn-schedule-c,pending,"Schedule C. Where self-employed income lives.

#variableincome #freelancetok #1099 #freelancer #smallbiz #budgetingtips #fyp #tax",#variableincome #freelancetok #1099 #freelancer #smallbiz #budgetingtips #fyp #tax,,,,5 slides
C161_learn-pyf-variable-income,C161,learn-pyf-variable-income,pending,"""Save 10% of monthly income."" It breaks on variable income.

#variableincome #freelancetok #1099 #freelancer #smallbiz #budgetingtips #fyp #pyf",#variableincome #freelancetok #1099 #freelancer #smallbiz #budgetingtips #fyp #pyf,,,,5 slides
C162_learn-pyf-mistakes,C162,learn-pyf-mistakes,pending,"Owner-pay mistakes most owners repeat.

#variableincome #freelancetok #1099 #freelancer #smallbiz #budgetingtips #fyp #mistakes",#variableincome #freelancetok #1099 #freelancer #smallbiz #budgetingtips #fyp #mistakes,,,,5 slides
C163_learn-pyf-percentage,C163,learn-pyf-percentage,pending,"What % do you pick? The number you won't skip on the worst week.

#variableincome #freelancetok #1099 #freelancer #smallbiz #budgetingtips #fyp #pyf",#variableincome #freelancetok #1099 #freelancer #smallbiz #budgetingtips #fyp #pyf,,,,5 slides
C164_learn-owner-pay-ladder,C164,learn-owner-pay-ladder,pending,"Owner pay isn't fixed. It's a ladder.

#variableincome #freelancetok #1099 #freelancer #smallbiz #budgetingtips #fyp #ladder",#variableincome #freelancetok #1099 #freelancer #smallbiz #budgetingtips #fyp #ladder,,,,5 slides
C165_learn-pyf-in-debt,C165,learn-pyf-in-debt,pending,"Standard advice: all-against-debt. It breaks.

#variableincome #freelancetok #1099 #freelancer #smallbiz #budgetingtips #fyp #indebt",#variableincome #freelancetok #1099 #freelancer #smallbiz #budgetingtips #fyp #indebt,,,,5 slides
C166_learn-owner-pay-account,C166,learn-owner-pay-account,pending,"Owner-pay label isn't enough.

#variableincome #freelancetok #1099 #freelancer #smallbiz #budgetingtips #fyp #setup",#variableincome #freelancetok #1099 #freelancer #smallbiz #budgetingtips #fyp #setup,,,,5 slides
C167_learn-business-credit-cards,C167,learn-business-credit-cards,pending,"Two flavors of business cards.

#variableincome #freelancetok #1099 #freelancer #smallbiz #budgetingtips #fyp #bizcards",#variableincome #freelancetok #1099 #freelancer #smallbiz #budgetingtips #fyp #bizcards,,,,5 slides
C168_learn-grants,C168,learn-grants,pending,"Free money exists. But it takes work.

#variableincome #freelancetok #1099 #freelancer #smallbiz #budgetingtips #fyp #grants",#variableincome #freelancetok #1099 #freelancer #smallbiz #budgetingtips #fyp #grants,,,,5 slides
C169_learn-personal-vs-business-credit,C169,learn-personal-vs-business-credit,pending,"Personal credit follows you.

#variableincome #freelancetok #1099 #freelancer #smallbiz #budgetingtips #fyp #credit",#variableincome #freelancetok #1099 #freelancer #smallbiz #budgetingtips #fyp #credit,,,,5 slides
C170_learn-sba-loans,C170,learn-sba-loans,pending,"SBA loans: the cheapest money you can borrow.

#variableincome #freelancetok #1099 #freelancer #smallbiz #budgetingtips #fyp #sba",#variableincome #freelancetok #1099 #freelancer #smallbiz #budgetingtips #fyp #sba,,,,5 slides
C171_learn-fundable-business,C171,learn-fundable-business,pending,"Before applying for funding, your biz must look like one.

#variableincome #freelancetok #1099 #freelancer #smallbiz #budgetingtips #fyp #setup",#variableincome #freelancetok #1099 #freelancer #smallbiz #budgetingtips #fyp #setup,,,,5 slides
C172_learn-business-credit-bureaus,C172,learn-business-credit-bureaus,pending,"Personal credit has 3. Business credit has 3 too.

#variableincome #freelancetok #1099 #freelancer #smallbiz #budgetingtips #fyp #bureaus",#variableincome #freelancetok #1099 #freelancer #smallbiz #budgetingtips #fyp #bureaus,,,,5 slides
C173_learn-funding-roadmap,C173,learn-funding-roadmap,pending,"6 months from unfundable to approved.

#variableincome #freelancetok #1099 #freelancer #smallbiz #budgetingtips #fyp #roadmap",#variableincome #freelancetok #1099 #freelancer #smallbiz #budgetingtips #fyp #roadmap,,,,5 slides
C175_learn-pull-credit-report,C175,learn-pull-credit-report,pending,"Your report isn't your score.

#variableincome #freelancetok #1099 #freelancer #smallbiz #budgetingtips #fyp #credit",#variableincome #freelancetok #1099 #freelancer #smallbiz #budgetingtips #fyp #credit,,,,5 slides
C176_learn-debt-payoff-schedule,C176,learn-debt-payoff-schedule,pending,"Debt payoff: 90-day starter schedule.

#variableincome #freelancetok #1099 #freelancer #smallbiz #budgetingtips #fyp #payoff",#variableincome #freelancetok #1099 #freelancer #smallbiz #budgetingtips #fyp #payoff,,,,5 slides
C177_learn-stay-out-of-debt,C177,learn-stay-out-of-debt,pending,"Most people pay off debt. Then end up back in 3-5 years.

#variableincome #freelancetok #1099 #freelancer #smallbiz #budgetingtips #fyp #habits",#variableincome #freelancetok #1099 #freelancer #smallbiz #budgetingtips #fyp #habits,,,,5 slides
C178_learn-pyf-definition,C178,learn-pyf-definition,pending,"Three rules make PYF actually work.

#variableincome #freelancetok #1099 #freelancer #smallbiz #budgetingtips #fyp #pyf",#variableincome #freelancetok #1099 #freelancer #smallbiz #budgetingtips #fyp #pyf,,,,5 slides
C179_learn-owner-pay-priorities,C179,learn-owner-pay-priorities,pending,"Owner pay landed. Now where does it go?

#variableincome #freelancetok #1099 #freelancer #smallbiz #budgetingtips #fyp #priorities",#variableincome #freelancetok #1099 #freelancer #smallbiz #budgetingtips #fyp #priorities,,,,5 slides
C180_learn-not-paying-yourself,C180,learn-not-paying-yourself,pending,"Most entrepreneurs are their own last priority.

#variableincome #freelancetok #1099 #freelancer #smallbiz #budgetingtips #fyp #critique",#variableincome #freelancetok #1099 #freelancer #smallbiz #budgetingtips #fyp #critique,,,,5 slides
C181_landing-breathe,C181,landing-breathe,pending,"From holding your breath with bills.

#variableincome #freelancetok #1099 #freelancer #smallbiz #budgetingtips #fyp #landing",#variableincome #freelancetok #1099 #freelancer #smallbiz #budgetingtips #fyp #landing,,,,5 slides
C182_landing-imagine-this,C182,landing-imagine-this,pending,"Imagine this. A check comes in.

#variableincome #freelancetok #1099 #freelancer #smallbiz #budgetingtips #fyp #landing",#variableincome #freelancetok #1099 #freelancer #smallbiz #budgetingtips #fyp #landing,,,,5 slides
C183_landing-how-it-works,C183,landing-how-it-works,pending,"How it works: Bills covered first. Then everything else.

#variableincome #freelancetok #1099 #freelancer #smallbiz #budgetingtips #fyp #landing",#variableincome #freelancetok #1099 #freelancer #smallbiz #budgetingtips #fyp #landing,,,,5 slides
C184_landing-cost-of-waiting,C184,landing-cost-of-waiting,pending,"Every month you wait is another $500 to $1,000 gone.

#variableincome #freelancetok #1099 #freelancer #smallbiz #budgetingtips #fyp #stakes",#variableincome #freelancetok #1099 #freelancer #smallbiz #budgetingtips #fyp #stakes,,,,5 slides
C185_landing-become-able,C185,landing-become-able,pending,"From Unable.

#variableincome #freelancetok #1099 #freelancer #smallbiz #budgetingtips #fyp #landing",#variableincome #freelancetok #1099 #freelancer #smallbiz #budgetingtips #fyp #landing,,,,5 slides
C186_list-budget-breaks-reasons,C186,list-budget-breaks-reasons,pending,"5 reasons your budget breaks on variable income.

#variableincome #freelancetok #1099 #freelancer #smallbiz #budgetingtips #fyp #5reasons",#variableincome #freelancetok #1099 #freelancer #smallbiz #budgetingtips #fyp #5reasons,,,,7 slides
C187_list-per-deposit-beats-monthly,C187,list-per-deposit-beats-monthly,pending,"4 reasons per-deposit beats monthly.

#variableincome #freelancetok #1099 #freelancer #smallbiz #budgetingtips #fyp #4reasons",#variableincome #freelancetok #1099 #freelancer #smallbiz #budgetingtips #fyp #4reasons,,,,6 slides
C188_list-tax-season-tips,C188,list-tax-season-tips,pending,"5 tips for tax season as a freelancer.

#variableincome #freelancetok #1099 #freelancer #smallbiz #budgetingtips #fyp #5tips",#variableincome #freelancetok #1099 #freelancer #smallbiz #budgetingtips #fyp #5tips,,,,7 slides
C189_list-1099-mistakes,C189,list-1099-mistakes,pending,"6 mistakes 1099 earners make.

#variableincome #freelancetok #1099 #freelancer #smallbiz #budgetingtips #fyp #6mistakes",#variableincome #freelancetok #1099 #freelancer #smallbiz #budgetingtips #fyp #6mistakes,,,,8 slides
C190_list-automating-floor-benefits,C190,list-automating-floor-benefits,pending,"5 benefits of automating your floor.

#variableincome #freelancetok #1099 #freelancer #smallbiz #budgetingtips #fyp #5benefits",#variableincome #freelancetok #1099 #freelancer #smallbiz #budgetingtips #fyp #5benefits,,,,7 slides
C191_list-debt-not-moving-reasons,C191,list-debt-not-moving-reasons,pending,"5 reasons your debt isn't moving.

#variableincome #freelancetok #1099 #freelancer #smallbiz #budgetingtips #fyp #5reasons",#variableincome #freelancetok #1099 #freelancer #smallbiz #budgetingtips #fyp #5reasons,,,,7 slides
C192_list-floor-first-reasons,C192,list-floor-first-reasons,pending,"5 reasons Floor-First works for variable income.

#variableincome #freelancetok #1099 #freelancer #smallbiz #budgetingtips #fyp #5reasons",#variableincome #freelancetok #1099 #freelancer #smallbiz #budgetingtips #fyp #5reasons,,,,7 slides
C193_list-automating-beats-discipline,C193,list-automating-beats-discipline,pending,"4 reasons automating beats discipline.

#variableincome #freelancetok #1099 #freelancer #smallbiz #budgetingtips #fyp #4reasons",#variableincome #freelancetok #1099 #freelancer #smallbiz #budgetingtips #fyp #4reasons,,,,6 slides
C194_list-inconsistent-income-tips,C194,list-inconsistent-income-tips,pending,"6 tips for managing inconsistent income.

#variableincome #freelancetok #1099 #freelancer #smallbiz #budgetingtips #fyp #6tips",#variableincome #freelancetok #1099 #freelancer #smallbiz #budgetingtips #fyp #6tips,,,,8 slides
C195_list-slow-month-tips,C195,list-slow-month-tips,pending,"5 tips for surviving a slow month.

#variableincome #freelancetok #1099 #freelancer #smallbiz #budgetingtips #fyp #5tips",#variableincome #freelancetok #1099 #freelancer #smallbiz #budgetingtips #fyp #5tips,,,,7 slides
C196_list-big-check-tips,C196,list-big-check-tips,pending,"5 tips for handling a big check.

#variableincome #freelancetok #1099 #freelancer #smallbiz #budgetingtips #fyp #5tips",#variableincome #freelancetok #1099 #freelancer #smallbiz #budgetingtips #fyp #5tips,,,,7 slides
C197_list-first-year-freelancer-tips,C197,list-first-year-freelancer-tips,pending,"5 tips for first-year freelancers.

#variableincome #freelancetok #1099 #freelancer #smallbiz #budgetingtips #fyp #5tips",#variableincome #freelancetok #1099 #freelancer #smallbiz #budgetingtips #fyp #5tips,,,,7 slides
C198_list-credit-score-mistakes,C198,list-credit-score-mistakes,pending,"5 mistakes that kill your credit score.

#variableincome #freelancetok #1099 #freelancer #smallbiz #budgetingtips #fyp #5mistakes",#variableincome #freelancetok #1099 #freelancer #smallbiz #budgetingtips #fyp #5mistakes,,,,7 slides
C200_list-tax-mistakes,C200,list-tax-mistakes,pending,"6 tax mistakes self-employed people make.

#variableincome #freelancetok #1099 #freelancer #smallbiz #budgetingtips #fyp #6mistakes",#variableincome #freelancetok #1099 #freelancer #smallbiz #budgetingtips #fyp #6mistakes,,,,8 slides
C201_list-reserve-benefits,C201,list-reserve-benefits,pending,"5 benefits of the reserve.

#variableincome #freelancetok #1099 #freelancer #smallbiz #budgetingtips #fyp #5benefits",#variableincome #freelancetok #1099 #freelancer #smallbiz #budgetingtips #fyp #5benefits,,,,7 slides
C202_list-save-20-doesnt-work,C202,list-save-20-doesnt-work,pending,"5 reasons ""Save 20%"" doesn't work for variable income.

#variableincome #freelancetok #1099 #freelancer #smallbiz #budgetingtips #fyp #5reasons",#variableincome #freelancetok #1099 #freelancer #smallbiz #budgetingtips #fyp #5reasons,,,,7 slides
C203_list-per-deposit-tax-reasons,C203,list-per-deposit-tax-reasons,pending,"4 reasons per-deposit tax beats the April scramble.

#variableincome #freelancetok #1099 #freelancer #smallbiz #budgetingtips #fyp #4reasons",#variableincome #freelancetok #1099 #freelancer #smallbiz #budgetingtips #fyp #4reasons,,,,6 slides
C204_list-business-credit-tips,C204,list-business-credit-tips,pending,"5 tips for building business credit fast.

#variableincome #freelancetok #1099 #freelancer #smallbiz #budgetingtips #fyp #5tips",#variableincome #freelancetok #1099 #freelancer #smallbiz #budgetingtips #fyp #5tips,,,,7 slides
C205_list-negotiate-creditors-tips,C205,list-negotiate-creditors-tips,pending,"5 tips for negotiating with creditors.

#variableincome #freelancetok #1099 #freelancer #smallbiz #budgetingtips #fyp #5tips",#variableincome #freelancetok #1099 #freelancer #smallbiz #budgetingtips #fyp #5tips,,,,7 slides
C206_list-bonus-check-tips,C206,list-bonus-check-tips,pending,"5 tips for the bonus check.

#variableincome #freelancetok #1099 #freelancer #smallbiz #budgetingtips #fyp #5tips",#variableincome #freelancetok #1099 #freelancer #smallbiz #budgetingtips #fyp #5tips,,,,7 slides
C207_list-new-freelancer-mistakes,C207,list-new-freelancer-mistakes,pending,"5 mistakes new freelancers make.

#variableincome #freelancetok #1099 #freelancer #smallbiz #budgetingtips #fyp #5mistakes",#variableincome #freelancetok #1099 #freelancer #smallbiz #budgetingtips #fyp #5mistakes,,,,7 slides
C208_list-funding-application-mistakes,C208,list-funding-application-mistakes,pending,"5 mistakes on a funding application.

#variableincome #freelancetok #1099 #freelancer #smallbiz #budgetingtips #fyp #5mistakes",#variableincome #freelancetok #1099 #freelancer #smallbiz #budgetingtips #fyp #5mistakes,,,,7 slides
C209_list-good-month-leak-mistakes,C209,list-good-month-leak-mistakes,pending,"5 mistakes that turn a good month into a leak.

#variableincome #freelancetok #1099 #freelancer #smallbiz #budgetingtips #fyp #5mistakes",#variableincome #freelancetok #1099 #freelancer #smallbiz #budgetingtips #fyp #5mistakes,,,,7 slides
C210_list-emergency-fund-benefits,C210,list-emergency-fund-benefits,pending,"5 benefits of an emergency fund for variable income.

#variableincome #freelancetok #1099 #freelancer #smallbiz #budgetingtips #fyp #5benefits",#variableincome #freelancetok #1099 #freelancer #smallbiz #budgetingtips #fyp #5benefits,,,,7 slides
C211_list-per-deposit-tax-benefits,C211,list-per-deposit-tax-benefits,pending,"4 benefits of per-deposit tax routing.

#variableincome #freelancetok #1099 #freelancer #smallbiz #budgetingtips #fyp #4benefits",#variableincome #freelancetok #1099 #freelancer #smallbiz #budgetingtips #fyp #4benefits,,,,6 slides
C212_list-save-10-doesnt-stick,C212,list-save-10-doesnt-stick,pending,"5 reasons ""save 10%"" never sticks.

#variableincome #freelancetok #1099 #freelancer #smallbiz #budgetingtips #fyp #5reasons",#variableincome #freelancetok #1099 #freelancer #smallbiz #budgetingtips #fyp #5reasons,,,,7 slides
C213_list-emergency-fund-zero-reasons,C213,list-emergency-fund-zero-reasons,pending,"5 reasons your emergency fund stays at zero.

#variableincome #freelancetok #1099 #freelancer #smallbiz #budgetingtips #fyp #5reasons",#variableincome #freelancetok #1099 #freelancer #smallbiz #budgetingtips #fyp #5reasons,,,,7 slides
C214_list-tracking-doesnt-fix-leak,C214,list-tracking-doesnt-fix-leak,pending,"5 reasons ""track everything"" doesn't fix the leak.

#variableincome #freelancetok #1099 #freelancer #smallbiz #budgetingtips #fyp #5reasons",#variableincome #freelancetok #1099 #freelancer #smallbiz #budgetingtips #fyp #5reasons,,,,7 slides
C215_list-zero-day-30-reasons,C215,list-zero-day-30-reasons,pending,"5 reasons you end up at $0 on Day 30.

#variableincome #freelancetok #1099 #freelancer #smallbiz #budgetingtips #fyp #5reasons",#variableincome #freelancetok #1099 #freelancer #smallbiz #budgetingtips #fyp #5reasons,,,,7 slides
C216_list-debt-payoff-stalled,C216,list-debt-payoff-stalled,pending,"5 reasons your debt payoff stalled.

#variableincome #freelancetok #1099 #freelancer #smallbiz #budgetingtips #fyp #5reasons",#variableincome #freelancetok #1099 #freelancer #smallbiz #budgetingtips #fyp #5reasons,,,,7 slides
C217_list-traditional-advice-fails,C217,list-traditional-advice-fails,pending,"5 reasons traditional advice fails freelancers.

#variableincome #freelancetok #1099 #freelancer #smallbiz #budgetingtips #fyp #5reasons",#variableincome #freelancetok #1099 #freelancer #smallbiz #budgetingtips #fyp #5reasons,,,,7 slides
C218_list-reserve-never-grew,C218,list-reserve-never-grew,pending,"5 reasons your reserve never grew.

#variableincome #freelancetok #1099 #freelancer #smallbiz #budgetingtips #fyp #5reasons",#variableincome #freelancetok #1099 #freelancer #smallbiz #budgetingtips #fyp #5reasons,,,,7 slides
C219_list-spend-less-not-a-plan,C219,list-spend-less-not-a-plan,pending,"4 reasons ""spend less"" isn't a plan.

#variableincome #freelancetok #1099 #freelancer #smallbiz #budgetingtips #fyp #4reasons",#variableincome #freelancetok #1099 #freelancer #smallbiz #budgetingtips #fyp #4reasons,,,,6 slides
C220_list-reserve-beats-willpower,C220,list-reserve-beats-willpower,pending,"4 reasons a reserve beats willpower.

#variableincome #freelancetok #1099 #freelancer #smallbiz #budgetingtips #fyp #4reasons",#variableincome #freelancetok #1099 #freelancer #smallbiz #budgetingtips #fyp #4reasons,,,,6 slides
C221_list-bills-tax-first-reasons,C221,list-bills-tax-first-reasons,pending,"4 reasons ""bills + tax first"" makes sense.

#variableincome #freelancetok #1099 #freelancer #smallbiz #budgetingtips #fyp #4reasons",#variableincome #freelancetok #1099 #freelancer #smallbiz #budgetingtips #fyp #4reasons,,,,6 slides
C222_list-routing-beats-discipline,C222,list-routing-beats-discipline,pending,"5 reasons routing beats discipline.

#variableincome #freelancetok #1099 #freelancer #smallbiz #budgetingtips #fyp #5reasons",#variableincome #freelancetok #1099 #freelancer #smallbiz #budgetingtips #fyp #5reasons,,,,7 slides
C223_list-30-day-trial-reasons,C223,list-30-day-trial-reasons,pending,"4 reasons the 30-day trial works.

#variableincome #freelancetok #1099 #freelancer #smallbiz #budgetingtips #fyp #4reasons",#variableincome #freelancetok #1099 #freelancer #smallbiz #budgetingtips #fyp #4reasons,,,,6 slides
C224_list-automate-floor-reasons,C224,list-automate-floor-reasons,pending,"4 reasons ""automate the floor"" is your only job.

#variableincome #freelancetok #1099 #freelancer #smallbiz #budgetingtips #fyp #4reasons",#variableincome #freelancetok #1099 #freelancer #smallbiz #budgetingtips #fyp #4reasons,,,,6 slides
C225_list-first-30-days-tips,C225,list-first-30-days-tips,pending,"5 tips for your first 30 days with Able.

#variableincome #freelancetok #1099 #freelancer #smallbiz #budgetingtips #fyp #5tips",#variableincome #freelancetok #1099 #freelancer #smallbiz #budgetingtips #fyp #5tips,,,,7 slides
C226_list-irregular-paycheck-tips,C226,list-irregular-paycheck-tips,pending,"5 tips for irregular paycheck timing.

#variableincome #freelancetok #1099 #freelancer #smallbiz #budgetingtips #fyp #5tips",#variableincome #freelancetok #1099 #freelancer #smallbiz #budgetingtips #fyp #5tips,,,,7 slides
C227_list-set-floor-amount-tips,C227,list-set-floor-amount-tips,pending,"5 tips for setting your floor amount.

#variableincome #freelancetok #1099 #freelancer #smallbiz #budgetingtips #fyp #5tips",#variableincome #freelancetok #1099 #freelancer #smallbiz #budgetingtips #fyp #5tips,,,,7 slides
C228_list-stick-budget-stress-tips,C228,list-stick-budget-stress-tips,pending,"5 tips for sticking with a budget through stress.

#variableincome #freelancetok #1099 #freelancer #smallbiz #budgetingtips #fyp #5tips",#variableincome #freelancetok #1099 #freelancer #smallbiz #budgetingtips #fyp #5tips,,,,7 slides
C229_list-gap-between-deposits-tips,C229,list-gap-between-deposits-tips,pending,"5 tips for the gap between deposits.

#variableincome #freelancetok #1099 #freelancer #smallbiz #budgetingtips #fyp #5tips",#variableincome #freelancetok #1099 #freelancer #smallbiz #budgetingtips #fyp #5tips,,,,7 slides
C230_list-partner-on-board-tips,C230,list-partner-on-board-tips,pending,"5 tips for getting your partner on board.

#variableincome #freelancetok #1099 #freelancer #smallbiz #budgetingtips #fyp #5tips",#variableincome #freelancetok #1099 #freelancer #smallbiz #budgetingtips #fyp #5tips,,,,7 slides
C231_list-cash-income-tips,C231,list-cash-income-tips,pending,"5 tips for budgeting with cash income.

#variableincome #freelancetok #1099 #freelancer #smallbiz #budgetingtips #fyp #5tips",#variableincome #freelancetok #1099 #freelancer #smallbiz #budgetingtips #fyp #5tips,,,,7 slides
C232_list-starting-variable-mistakes,C232,list-starting-variable-mistakes,pending,"5 mistakes when starting variable-income budgeting.

#variableincome #freelancetok #1099 #freelancer #smallbiz #budgetingtips #fyp #5mistakes",#variableincome #freelancetok #1099 #freelancer #smallbiz #budgetingtips #fyp #5mistakes,,,,7 slides
C233_list-empty-reserve-mistakes,C233,list-empty-reserve-mistakes,pending,"6 mistakes that empty your reserve.

#variableincome #freelancetok #1099 #freelancer #smallbiz #budgetingtips #fyp #6mistakes",#variableincome #freelancetok #1099 #freelancer #smallbiz #budgetingtips #fyp #6mistakes,,,,8 slides
C234_list-first-week-mistakes,C234,list-first-week-mistakes,pending,"5 mistakes new app users make in the first week.

#variableincome #freelancetok #1099 #freelancer #smallbiz #budgetingtips #fyp #5mistakes",#variableincome #freelancetok #1099 #freelancer #smallbiz #budgetingtips #fyp #5mistakes,,,,7 slides
C235_list-windfall-mistakes,C235,list-windfall-mistakes,pending,"5 mistakes when handling a windfall.

#variableincome #freelancetok #1099 #freelancer #smallbiz #budgetingtips #fyp #5mistakes",#variableincome #freelancetok #1099 #freelancer #smallbiz #budgetingtips #fyp #5mistakes,,,,7 slides
C236_list-slow-streak-mistakes,C236,list-slow-streak-mistakes,pending,"5 mistakes during a slow streak.

#variableincome #freelancetok #1099 #freelancer #smallbiz #budgetingtips #fyp #5mistakes",#variableincome #freelancetok #1099 #freelancer #smallbiz #budgetingtips #fyp #5mistakes,,,,7 slides
C237_list-free-spending-leak-mistakes,C237,list-free-spending-leak-mistakes,pending,"5 mistakes that leak free spending.

#variableincome #freelancetok #1099 #freelancer #smallbiz #budgetingtips #fyp #5mistakes",#variableincome #freelancetok #1099 #freelancer #smallbiz #budgetingtips #fyp #5mistakes,,,,7 slides
C238_list-routing-every-deposit-benefits,C238,list-routing-every-deposit-benefits,pending,"5 benefits of routing on every deposit.

#variableincome #freelancetok #1099 #freelancer #smallbiz #budgetingtips #fyp #5benefits",#variableincome #freelancetok #1099 #freelancer #smallbiz #budgetingtips #fyp #5benefits,,,,7 slides
C239_list-forecast-30-day-benefits,C239,list-forecast-30-day-benefits,pending,"4 benefits of seeing your forecast 30 days out.

#variableincome #freelancetok #1099 #freelancer #smallbiz #budgetingtips #fyp #4benefits",#variableincome #freelancetok #1099 #freelancer #smallbiz #budgetingtips #fyp #4benefits,,,,6 slides
C240_list-own-payroll-benefits,C240,list-own-payroll-benefits,pending,"4 benefits of being your own payroll dept.

#variableincome #freelancetok #1099 #freelancer #smallbiz #budgetingtips #fyp #4benefits",#variableincome #freelancetok #1099 #freelancer #smallbiz #budgetingtips #fyp #4benefits,,,,6 slides
C241_brandscript-calm-sunday,C241,brandscript-calm-sunday,pending,"You want to stop the Sunday-night dread.

#variableincome #freelancetok #1099 #freelancer #smallbiz #budgetingtips #fyp #brandscript",#variableincome #freelancetok #1099 #freelancer #smallbiz #budgetingtips #fyp #brandscript,,,,6 slides
C242_brandscript-nothing-leaked,C242,brandscript-nothing-leaked,pending,"You want a Day 31 that doesn't end in shame.

#variableincome #freelancetok #1099 #freelancer #smallbiz #budgetingtips #fyp #brandscript",#variableincome #freelancetok #1099 #freelancer #smallbiz #budgetingtips #fyp #brandscript,,,,6 slides
C243_brandscript-stop-checking,C243,brandscript-stop-checking,pending,"You want to stop refreshing your bank.

#variableincome #freelancetok #1099 #freelancer #smallbiz #budgetingtips #fyp #brandscript",#variableincome #freelancetok #1099 #freelancer #smallbiz #budgetingtips #fyp #brandscript,,,,6 slides
C244_brandscript-i-am-able-to-budget,C244,brandscript-i-am-able-to-budget,pending,"You want to say: ""I'm able to budget.""

#variableincome #freelancetok #1099 #freelancer #smallbiz #budgetingtips #fyp #brandscript",#variableincome #freelancetok #1099 #freelancer #smallbiz #budgetingtips #fyp #brandscript,,,,6 slides
C245_brandscript-year-one-calm,C245,brandscript-year-one-calm,pending,"You want a year that doesn't end in panic.

#variableincome #freelancetok #1099 #freelancer #smallbiz #budgetingtips #fyp #brandscript",#variableincome #freelancetok #1099 #freelancer #smallbiz #budgetingtips #fyp #brandscript,,,,6 slides
C246_brandscript-permission,C246,brandscript-permission,pending,"You want to stop feeling guilty about money.

#variableincome #freelancetok #1099 #freelancer #smallbiz #budgetingtips #fyp #brandscript",#variableincome #freelancetok #1099 #freelancer #smallbiz #budgetingtips #fyp #brandscript,,,,6 slides
C247_brandscript-reserve-bridge,C247,brandscript-reserve-bridge,pending,"You want to bridge slow months without panic.

#variableincome #freelancetok #1099 #freelancer #smallbiz #budgetingtips #fyp #brandscript",#variableincome #freelancetok #1099 #freelancer #smallbiz #budgetingtips #fyp #brandscript,,,,6 slides
C248_brandscript-weekly-rhythm,C248,brandscript-weekly-rhythm,pending,"You want a money habit that takes 10 minutes a week.

#variableincome #freelancetok #1099 #freelancer #smallbiz #budgetingtips #fyp #brandscript",#variableincome #freelancetok #1099 #freelancer #smallbiz #budgetingtips #fyp #brandscript,,,,6 slides
C249_brandscript-finally-save,C249,brandscript-finally-save,pending,"You want to actually build savings.

#variableincome #freelancetok #1099 #freelancer #smallbiz #budgetingtips #fyp #brandscript",#variableincome #freelancetok #1099 #freelancer #smallbiz #budgetingtips #fyp #brandscript,,,,6 slides
C250_brandscript-end-the-cycle,C250,brandscript-end-the-cycle,pending,"You want to end the Day 1-31 cycle.

#variableincome #freelancetok #1099 #freelancer #smallbiz #budgetingtips #fyp #brandscript",#variableincome #freelancetok #1099 #freelancer #smallbiz #budgetingtips #fyp #brandscript,,,,6 slides
C251_identity-can-afford-this,C251,identity-can-afford-this,pending,"""We can afford this."" First time you said it out loud.

#variableincome #freelancetok #1099 #freelancer #smallbiz #budgetingtips #fyp #identity",#variableincome #freelancetok #1099 #freelancer #smallbiz #budgetingtips #fyp #identity,,,,5 slides
C252_identity-holiday-no-borrow,C252,identity-holiday-no-borrow,pending,"December. First holiday without a credit card.

#variableincome #freelancetok #1099 #freelancer #smallbiz #budgetingtips #fyp #identity",#variableincome #freelancetok #1099 #freelancer #smallbiz #budgetingtips #fyp #identity,,,,5 slides
C253_identity-slow-week-didnt-break,C253,identity-slow-week-didnt-break,pending,"A slow week. Used to trigger the spiral.

#variableincome #freelancetok #1099 #freelancer #smallbiz #budgetingtips #fyp #identity",#variableincome #freelancetok #1099 #freelancer #smallbiz #budgetingtips #fyp #identity,,,,5 slides
C254_identity-accountant-call-calm,C254,identity-accountant-call-calm,pending,"Accountant call. Used to be a panic call.

#variableincome #freelancetok #1099 #freelancer #smallbiz #budgetingtips #fyp #identity",#variableincome #freelancetok #1099 #freelancer #smallbiz #budgetingtips #fyp #identity,,,,5 slides
C255_identity-said-no-to-client,C255,identity-said-no-to-client,pending,"You said no to a bad client.

#variableincome #freelancetok #1099 #freelancer #smallbiz #budgetingtips #fyp #identity",#variableincome #freelancetok #1099 #freelancer #smallbiz #budgetingtips #fyp #identity,,,,5 slides
C256_identity-no-dread-opening-app,C256,identity-no-dread-opening-app,pending,"Morning routine. Open the budget app without dread.

#variableincome #freelancetok #1099 #freelancer #smallbiz #budgetingtips #fyp #identity",#variableincome #freelancetok #1099 #freelancer #smallbiz #budgetingtips #fyp #identity,,,,5 slides
C257_identity-caught-up-debt,C257,identity-caught-up-debt,pending,"""I caught up."" Words you never thought you'd say.

#variableincome #freelancetok #1099 #freelancer #smallbiz #budgetingtips #fyp #identity",#variableincome #freelancetok #1099 #freelancer #smallbiz #budgetingtips #fyp #identity,,,,5 slides
C258_identity-day-one-year-two,C258,identity-day-one-year-two,pending,"Year 2, Day 1. Same income shape.

#variableincome #freelancetok #1099 #freelancer #smallbiz #budgetingtips #fyp #identity",#variableincome #freelancetok #1099 #freelancer #smallbiz #budgetingtips #fyp #identity,,,,5 slides
C259_designer-day-1-31,C259,designer-day-1-31,pending,"Designer/developer. Day 1. New project kicked off.

#variableincome #freelancetok #1099 #freelancer #smallbiz #budgetingtips #fyp #design",#variableincome #freelancetok #1099 #freelancer #smallbiz #budgetingtips #fyp #design,,,,5 slides
C260_real-estate-day-1-31,C260,real-estate-day-1-31,pending,"Real estate agent. Day 1. Closing commission lands.

#variableincome #freelancetok #1099 #freelancer #smallbiz #budgetingtips #fyp #realestate",#variableincome #freelancetok #1099 #freelancer #smallbiz #budgetingtips #fyp #realestate,,,,5 slides
C261_etsy-day-1-31,C261,etsy-day-1-31,pending,"Etsy/Shopify seller. Day 1. Holiday spike payouts.

#variableincome #freelancetok #1099 #freelancer #smallbiz #budgetingtips #fyp #seller",#variableincome #freelancetok #1099 #freelancer #smallbiz #budgetingtips #fyp #seller,,,,5 slides
C262_tipped-day-1-31,C262,tipped-day-1-31,pending,"Tipped server. Day 1. Friday shift. Cash + cards.

#variableincome #freelancetok #1099 #freelancer #smallbiz #budgetingtips #fyp #tips",#variableincome #freelancetok #1099 #freelancer #smallbiz #budgetingtips #fyp #tips,,,,5 slides
C263_nurse-day-1-31,C263,nurse-day-1-31,pending,"Nurse, PRN. Day 1. Paycheck from this week's contract.

#variableincome #freelancetok #1099 #freelancer #smallbiz #budgetingtips #fyp #nurse",#variableincome #freelancetok #1099 #freelancer #smallbiz #budgetingtips #fyp #nurse,,,,5 slides
C264_brandscript-designer,C264,brandscript-designer,pending,"You want to stop the Net-60 panic.

#variableincome #freelancetok #1099 #freelancer #smallbiz #budgetingtips #fyp #design",#variableincome #freelancetok #1099 #freelancer #smallbiz #budgetingtips #fyp #design,,,,6 slides
C265_brandscript-real-estate,C265,brandscript-real-estate,pending,"You want to pay yourself between closings.

#variableincome #freelancetok #1099 #freelancer #smallbiz #budgetingtips #fyp #realestate",#variableincome #freelancetok #1099 #freelancer #smallbiz #budgetingtips #fyp #realestate,,,,6 slides
C266_brandscript-etsy,C266,brandscript-etsy,pending,"You want to weather the post-holiday cliff.

#variableincome #freelancetok #1099 #freelancer #smallbiz #budgetingtips #fyp #seller",#variableincome #freelancetok #1099 #freelancer #smallbiz #budgetingtips #fyp #seller,,,,6 slides
C267_brandscript-tipped,C267,brandscript-tipped,pending,"You want to stop the Tuesday-vs-Saturday whiplash.

#variableincome #freelancetok #1099 #freelancer #smallbiz #budgetingtips #fyp #tips",#variableincome #freelancetok #1099 #freelancer #smallbiz #budgetingtips #fyp #tips,,,,6 slides
C268_brandscript-nurse,C268,brandscript-nurse,pending,"You want variable schedule, consistent pay.

#variableincome #freelancetok #1099 #freelancer #smallbiz #budgetingtips #fyp #nurse",#variableincome #freelancetok #1099 #freelancer #smallbiz #budgetingtips #fyp #nurse,,,,6 slides
PC1_product-first-week,PC1,product-first-week,pending,"Your first week with Able.

#variableincome #freelancetok #1099 #freelancer #smallbiz #budgetingtips #fyp #swipe",#variableincome #freelancetok #1099 #freelancer #smallbiz #budgetingtips #fyp #swipe,,,,6 slides
PC2_product-how-it-works,PC2,product-how-it-works,pending,"How Able works.

#variableincome #freelancetok #1099 #freelancer #smallbiz #budgetingtips #fyp #swipe",#variableincome #freelancetok #1099 #freelancer #smallbiz #budgetingtips #fyp #swipe,,,,7 slides
PC3_product-built-for-variable,PC3,product-built-for-variable,pending,"Built for variable income.

#variableincome #freelancetok #1099 #freelancer #smallbiz #budgetingtips #fyp #swipe",#variableincome #freelancetok #1099 #freelancer #smallbiz #budgetingtips #fyp #swipe,,,,7 slides
PC4_product-from-unable-to-able,PC4,product-from-unable-to-able,pending,"From Unable. To Able.

#variableincome #freelancetok #1099 #freelancer #smallbiz #budgetingtips #fyp #swipe",#variableincome #freelancetok #1099 #freelancer #smallbiz #budgetingtips #fyp #swipe,,,,7 slides
PC5_product-tax-season,PC5,product-tax-season,pending,"Tax season, simplified.

#variableincome #freelancetok #1099 #freelancer #smallbiz #budgetingtips #fyp #swipe",#variableincome #freelancetok #1099 #freelancer #smallbiz #budgetingtips #fyp #swipe,,,,6 slides
PC6_product-slow-month,PC6,product-slow-month,pending,"When the slow month hits.

#variableincome #freelancetok #1099 #freelancer #smallbiz #budgetingtips #fyp #swipe",#variableincome #freelancetok #1099 #freelancer #smallbiz #budgetingtips #fyp #swipe,,,,7 slides
PC7_product-stop-doing,PC7,product-stop-doing,pending,"5 things you stop doing with Able.

#variableincome #freelancetok #1099 #freelancer #smallbiz #budgetingtips #fyp #swipe",#variableincome #freelancetok #1099 #freelancer #smallbiz #budgetingtips #fyp #swipe,,,,7 slides
PC8_product-why-apps-fail,PC8,product-why-apps-fail,pending,"Why apps fail variable income.

#variableincome #freelancetok #1099 #freelancer #smallbiz #budgetingtips #fyp #swipe",#variableincome #freelancetok #1099 #freelancer #smallbiz #budgetingtips #fyp #swipe,,,,7 slides
