slug,status,yt_title,yt_description,yt_tags,youtube_video_id
business-profit-margins-for-service-businesses,ready-to-upload,"Profit Margins for Service Businesses: What's Normal, What's Healthy","What a healthy profit margin looks like for solo service businesses, how to calculate yours honestly, and the four levers that move it without burning you out.

Read the full article: https://becomeable.app/business/profit-margins-for-service-businesses/

Able is the budgeting app built for self-employed people with
variable income. Every deposit splits across tax, bills, reserve,
and debt automatically. Start a 30-day free trial:
https://becomeable.app/get-able","profit margin service business, freelancer profit margin, service business profit margin, solo business margin benchmarks, profit margin calculation self employed, net profit margin freelance",
business-owner-draws-vs-salary,ready-to-upload,Owner Draws vs. Salary: How Self-Employed People Should Pay Themselves,"When to take owner draws, when to switch to W-2 salary, the S-corp threshold that flips the choice, and how to pay yourself steadily on variable income.

Read the full article: https://becomeable.app/business/owner-draws-vs-salary/

Able is the budgeting app built for self-employed people with
variable income. Every deposit splits across tax, bills, reserve,
and debt automatically. Start a 30-day free trial:
https://becomeable.app/get-able","owner draw vs salary, how to pay yourself self employed, owner draw vs payroll, s corp reasonable salary, paying yourself as llc owner, draws vs distributions",
business-scope-creep-defense,ready-to-upload,Scope Creep Defense: How to Hold the Line Without Losing the Client,"Why scope creep is the silent margin killer, the four kinds of creep to watch for, and the scripts that hold the line without poisoning the relationship.

Read the full article: https://becomeable.app/business/scope-creep-defense/

Able is the budgeting app built for self-employed people with
variable income. Every deposit splits across tax, bills, reserve,
and debt automatically. Start a 30-day free trial:
https://becomeable.app/get-able","scope creep freelance, dealing with scope creep, scope creep email, freelance project scope, how to handle scope creep, scope creep client management",
business-setting-prices-variable-income,ready-to-upload,How to Set Prices When Your Income Is Variable,"Pricing for self-employed work is harder than it looks. Here is how to set a number that covers slow months, funds taxes, and pays you a real salary.

Read the full article: https://becomeable.app/business/setting-prices-variable-income/

Able is the budgeting app built for self-employed people with
variable income. Every deposit splits across tax, bills, reserve,
and debt automatically. Start a 30-day free trial:
https://becomeable.app/get-able","how to set prices self employed, pricing for freelancers, hourly rate variable income, service business pricing, how to price your services, freelancer pricing formula",
business-invoicing-101-for-freelancers,ready-to-upload,Invoicing 101 for Freelancers: Get Paid Without the Awkward Follow-ups,"How to send invoices that actually get paid on variable income. Terms, late fees, payment processors, and the follow-up cadence that closes the gap.

Read the full article: https://becomeable.app/business/invoicing-101-for-freelancers/

Able is the budgeting app built for self-employed people with
variable income. Every deposit splits across tax, bills, reserve,
and debt automatically. Start a 30-day free trial:
https://becomeable.app/get-able","invoicing for freelancers, how to invoice clients, freelance invoice template, net 30 vs net 15, late payment fees freelance, invoicing best practices",
business-bookkeeping-basics-for-solo-operators,ready-to-upload,Bookkeeping Basics for Solo Operators: The Bare Minimum That Saves You at Tax Time,"The minimum bookkeeping system that saves you at tax time. What to track, what to skip, the software that's worth it, and the monthly routine.

Read the full article: https://becomeable.app/business/bookkeeping-basics-for-solo-operators/

Able is the budgeting app built for self-employed people with
variable income. Every deposit splits across tax, bills, reserve,
and debt automatically. Start a 30-day free trial:
https://becomeable.app/get-able","bookkeeping for freelancers, small business bookkeeping basics, self employed bookkeeping, simple bookkeeping system, monthly bookkeeping checklist, freelancer expense tracking",
business-business-banking-101,ready-to-upload,Business Banking 101: Why Separate Accounts Are Non-Negotiable,"Why a separate business bank account matters, what to look for, the best options for solo operators, and the multi-account structure that saves you at tax time.

Read the full article: https://becomeable.app/business/business-banking-101/

Able is the budgeting app built for self-employed people with
variable income. Every deposit splits across tax, bills, reserve,
and debt automatically. Start a 30-day free trial:
https://becomeable.app/get-able","business banking for self employed, best business checking freelancer, separate business and personal bank account, business banking small business, llc bank account, sole proprietor business banking",
business-llc-vs-sole-prop,ready-to-upload,LLC vs Sole Prop: When to Incorporate Your Freelance Business,"Should you form an LLC or stay sole proprietor? The honest math on liability protection, taxes, costs, and when the LLC actually pays for itself.

Read the full article: https://becomeable.app/business/llc-vs-sole-prop/

Able is the budgeting app built for self-employed people with
variable income. Every deposit splits across tax, bills, reserve,
and debt automatically. Start a 30-day free trial:
https://becomeable.app/get-able","llc vs sole proprietor, when to form an llc, llc for freelancers, sole prop vs llc, do i need an llc, llc tax benefits self employed",
business-cash-flow-basics-service-business,ready-to-upload,Cash Flow Basics for a Service Business: The Number That Actually Matters,"Profit is not the same as cash. How cash flow really works in a service business, the three timing problems that kill solo operators, and the fix.

Read the full article: https://becomeable.app/business/cash-flow-basics-service-business/

Able is the budgeting app built for self-employed people with
variable income. Every deposit splits across tax, bills, reserve,
and debt automatically. Start a 30-day free trial:
https://becomeable.app/get-able","cash flow service business, service business cash flow, freelance cash flow, cash flow management self employed, accounts receivable cash flow, profit vs cash flow",
business-building-a-business-reserve,ready-to-upload,Building a Business Reserve: The Account That Saves Your Year,"A business reserve is not your emergency fund. How big it should be, how to build it deposit by deposit, and the rules that keep it from getting raided.

Read the full article: https://becomeable.app/business/building-a-business-reserve/

Able is the budgeting app built for self-employed people with
variable income. Every deposit splits across tax, bills, reserve,
and debt automatically. Start a 30-day free trial:
https://becomeable.app/get-able","business cash reserve, small business cash reserve, business savings account, cash buffer self employed, how much business reserve, building business savings",
business-hiring-your-first-contractor,ready-to-upload,"Hiring Your First Contractor: When, How, and What It Actually Costs","When to bring on your first contractor, what it actually costs (beyond their rate), the paperwork that protects you, and the cash flow trap to avoid.

Read the full article: https://becomeable.app/business/hiring-your-first-contractor/

Able is the budgeting app built for self-employed people with
variable income. Every deposit splits across tax, bills, reserve,
and debt automatically. Start a 30-day free trial:
https://becomeable.app/get-able","hiring first contractor, 1099 contractor vs employee, hiring subcontractors freelance, how to hire a contractor small business, subcontracting freelance work, contractor agreement template",
business-firing-a-bad-client,ready-to-upload,How to Fire a Bad Client (Without Killing Your Cash Flow),"Some clients cost more than they pay. How to spot the warning signs, the math on firing one, and the script that ends the relationship cleanly.

Read the full article: https://becomeable.app/business/firing-a-bad-client/

Able is the budgeting app built for self-employed people with
variable income. Every deposit splits across tax, bills, reserve,
and debt automatically. Start a 30-day free trial:
https://becomeable.app/get-able","fire a bad client, how to end client relationship, firing freelance client, bad client warning signs, terminating client contract, client breakup email",
business-business-deductions-overview,ready-to-upload,Business Deductions Overview: The Categories That Save You the Most,"The deduction categories self-employed people use, what counts and what does not, the tracking habits that capture them, and three rules to follow.

Read the full article: https://becomeable.app/business/business-deductions-overview/

Able is the budgeting app built for self-employed people with
variable income. Every deposit splits across tax, bills, reserve,
and debt automatically. Start a 30-day free trial:
https://becomeable.app/get-able","business deductions self employed, small business tax deductions, freelancer deductions, what can i deduct self employed, business expense categories, tax deduction tracking",
business-health-insurance-for-self-employed,ready-to-upload,Health Insurance for the Self-Employed: How to Get Coverage Without Killing Your Margin,"Marketplace, HSA, spouse's plan, association plans, healthshares. Here is what each one actually costs, who they work for, and how to deduct the premiums.

Read the full article: https://becomeable.app/business/health-insurance-for-self-employed/

Able is the budgeting app built for self-employed people with
variable income. Every deposit splits across tax, bills, reserve,
and debt automatically. Start a 30-day free trial:
https://becomeable.app/get-able","health insurance self employed, freelancer health insurance, aca self employed, hsa for self employed, small business health insurance, how much does health insurance cost self employed",
business-retirement-saving-variable-income,ready-to-upload,"Retirement Saving on Variable Income: SEP, Solo 401(k), and the Math That Picks the Right One","SEP IRA, Solo 401(k), traditional and Roth IRA. Which one fits your business, the contribution limits, and the system that builds retirement deposit by deposit.

Read the full article: https://becomeable.app/business/retirement-saving-variable-income/

Able is the budgeting app built for self-employed people with
variable income. Every deposit splits across tax, bills, reserve,
and debt automatically. Start a 30-day free trial:
https://becomeable.app/get-able","self employed retirement plan, sep ira vs solo 401k, retirement for freelancers, solo 401k contribution limit, variable income retirement, sep ira self employed",
business-first-90-days-self-employment,ready-to-upload,The First 90 Days of Self-Employment: A Financial Setup Checklist,"The financial setup that protects your first 90 days as a freelancer. Banking, taxes, invoicing, insurance, and the reserve target that gets you stable.

Read the full article: https://becomeable.app/business/first-90-days-self-employment/

Able is the budgeting app built for self-employed people with
variable income. Every deposit splits across tax, bills, reserve,
and debt automatically. Start a 30-day free trial:
https://becomeable.app/get-able","starting self employment checklist, first 90 days freelance, new freelancer setup, starting a business checklist financial, self employment first month, freelance financial setup",
business-year-end-financial-routine,ready-to-upload,The Year-End Financial Routine for Self-Employed People,"The December and January checklist that closes the year cleanly. Tax moves, deduction harvesting, retirement contributions, and the year-over-year audit.

Read the full article: https://becomeable.app/business/year-end-financial-routine/

Able is the budgeting app built for self-employed people with
variable income. Every deposit splits across tax, bills, reserve,
and debt automatically. Start a 30-day free trial:
https://becomeable.app/get-able","year end checklist self employed, year end tax planning freelance, december tax moves self employed, end of year financial checklist, small business year end, freelance year end taxes",
business-when-to-raise-your-rates,ready-to-upload,"When to Raise Your Rates: The Signals, the Math, and the Conversation","Six signals that say it is time, the math behind the new number, the script that loses fewer clients than you fear, and the reserve that gives you spine.

Read the full article: https://becomeable.app/business/when-to-raise-your-rates/

Able is the budgeting app built for self-employed people with
variable income. Every deposit splits across tax, bills, reserve,
and debt automatically. Start a 30-day free trial:
https://becomeable.app/get-able","when to raise freelance rates, how often raise rates freelance, raising prices service business, rate increase email template, when to charge more, increase consulting rate",
business-finding-an-accountant,ready-to-upload,"Finding an Accountant: When You Need One, What to Look For, How to Vet Them","The income level where an accountant pays for itself, the four types of tax pros, the eight questions to ask a candidate, and the red flags to avoid.

Read the full article: https://becomeable.app/business/finding-an-accountant/

Able is the budgeting app built for self-employed people with
variable income. Every deposit splits across tax, bills, reserve,
and debt automatically. Start a 30-day free trial:
https://becomeable.app/get-able","find accountant self employed, cpa for freelancers, tax preparer for self employed, how to choose an accountant, bookkeeper vs cpa, small business cpa",
business-the-deposit-up-front-conversation,ready-to-upload,The Deposit Up Front Conversation: How to Ask for It Without Losing the Job,"Why up-front deposits change everything, the standard percentages by service type, the scripts that get them paid, and the responses that hold the line.

Read the full article: https://becomeable.app/business/the-deposit-up-front-conversation/

Able is the budgeting app built for self-employed people with
variable income. Every deposit splits across tax, bills, reserve,
and debt automatically. Start a 30-day free trial:
https://becomeable.app/get-able","deposit up front freelance, 50 percent deposit freelance, upfront payment freelance, retainer deposit, asking for deposit, deposit on project",
business-scaling-from-solo-to-small-team,ready-to-upload,Scaling From Solo to Small Team: When and How to Grow Past Yourself,"The income threshold that triggers the first hire, the four stages of solo-to-team scaling, and the financial reserve you need before you can responsibly grow.

Read the full article: https://becomeable.app/business/scaling-from-solo-to-small-team/

Able is the budgeting app built for self-employed people with
variable income. Every deposit splits across tax, bills, reserve,
and debt automatically. Start a 30-day free trial:
https://becomeable.app/get-able","solo to small team, first freelance hire, scaling a service business, solo to agency, growing a freelance business, hire first employee freelance",
business-diversifying-revenue-streams,ready-to-upload,Diversifying Revenue Streams: How Solo Operators Reduce Single-Source Risk,"The single-client risk that threatens freelance businesses, the four diversification patterns that fit solo operators, and how to start without spreading thin.

Read the full article: https://becomeable.app/business/diversifying-revenue-streams/

Able is the budgeting app built for self-employed people with
variable income. Every deposit splits across tax, bills, reserve,
and debt automatically. Start a 30-day free trial:
https://becomeable.app/get-able","diversify revenue freelance, multiple income streams freelance, single client risk, revenue diversification self employed, freelance income mix, service product mix freelance",
business-end-of-quarter-financial-checkup,ready-to-upload,The End-of-Quarter Financial Checkup: A 60-Minute Routine for Self-Employed People,"The 60-minute quarterly review that catches problems before they grow. Six checkpoints across revenue, costs, reserve, and tax, plus an action list.

Read the full article: https://becomeable.app/business/end-of-quarter-financial-checkup/

Able is the budgeting app built for self-employed people with
variable income. Every deposit splits across tax, bills, reserve,
and debt automatically. Start a 30-day free trial:
https://becomeable.app/get-able","quarterly financial review self employed, quarterly checkup freelance, business review template, end of quarter financial, financial review checklist, freelance quarterly audit",
business-networking-on-variable-income,ready-to-upload,Networking on Variable Income: How to Invest in Relationships Without Burning Cash,"Why most networking advice costs more than it produces, the four high-leverage activities for variable income, and a budget framework that fits.

Read the full article: https://becomeable.app/business/networking-on-variable-income/

Able is the budgeting app built for self-employed people with
variable income. Every deposit splits across tax, bills, reserve,
and debt automatically. Start a 30-day free trial:
https://becomeable.app/get-able","networking variable income, networking for freelancers, cheap networking self employed, relationship building freelance, networking budget, business development variable income",
business-business-credit-cards-for-self-employed,ready-to-upload,"Business Credit Cards for the Self-Employed: When to Get One, How to Use It, What to Avoid","Why a separate business card matters even for sole proprietors, the three card types to consider, and the rules that keep it from becoming a debt trap.

Read the full article: https://becomeable.app/business/business-credit-cards-for-self-employed/

Able is the budgeting app built for self-employed people with
variable income. Every deposit splits across tax, bills, reserve,
and debt automatically. Start a 30-day free trial:
https://becomeable.app/get-able","business credit card self employed, best business credit card freelance, sole proprietor credit card, business card vs personal, business credit building, separating business expenses",
business-transitioning-from-w2-to-self-employed,ready-to-upload,Transitioning From W-2 to Self-Employed: The Financial Setup That Makes the Leap Survivable,"The reserve, insurance, and tax setups to complete before quitting the W-2. The mistakes that derail year one, and the recovery timeline you face.

Read the full article: https://becomeable.app/business/transitioning-from-w2-to-self-employed/

Able is the budgeting app built for self-employed people with
variable income. Every deposit splits across tax, bills, reserve,
and debt automatically. Start a 30-day free trial:
https://becomeable.app/get-able","w2 to self employed transition, quitting job to freelance, leaving w2 for self employment, going freelance full time, prepare to quit job, transition to freelance",
business-sabbatical-or-extended-time-off-self-employed,ready-to-upload,Taking a Sabbatical or Extended Time Off as a Self-Employed Person,"The reserve target that funds a real break, the client conversation that protects the business while you are gone, and the re-entry plan that holds.

Read the full article: https://becomeable.app/business/sabbatical-or-extended-time-off-self-employed/

Able is the budgeting app built for self-employed people with
variable income. Every deposit splits across tax, bills, reserve,
and debt automatically. Start a 30-day free trial:
https://becomeable.app/get-able","self employed sabbatical, freelancer sabbatical, extended time off self employed, taking break from freelance, vacation freelancer, sabbatical financial plan",
business-the-yearly-strategy-day,ready-to-upload,The Yearly Strategy Day: How Solo Operators Plan the Next 12 Months in One Sitting,"The structured 8-hour day that produces a real plan for the coming year. Five sections, specific outputs, and the calendar setup that makes it work.

Read the full article: https://becomeable.app/business/the-yearly-strategy-day/

Able is the budgeting app built for self-employed people with
variable income. Every deposit splits across tax, bills, reserve,
and debt automatically. Start a 30-day free trial:
https://becomeable.app/get-able","yearly strategy day, annual planning solo, freelance business planning, yearly business review, 12 month plan freelance, solo business strategy",
budgeting-handling-a-windfall,ready-to-upload,How to Handle a Windfall on Variable Income,"A big check, a bonus, a tax refund. The five moves that turn a windfall into real progress, plus the four mistakes that turn it into nothing within 30 days.

Read the full article: https://becomeable.app/budgeting/handling-a-windfall/

Able is the budgeting app built for self-employed people with
variable income. Every deposit splits across tax, bills, reserve,
and debt automatically. Start a 30-day free trial:
https://becomeable.app/get-able","what to do with a windfall, how to use a bonus check, what to do with extra money, handling a big check freelance, windfall planning self employed, big check budgeting",
budgeting-surviving-a-slow-month,ready-to-upload,Surviving a Slow Month: A Tactical Guide for Variable Income,"A slow month does not have to break your year. The tactical guide: what to cut, what to protect, the calls that save thousands, and the rule that helps.

Read the full article: https://becomeable.app/budgeting/surviving-a-slow-month/

Able is the budgeting app built for self-employed people with
variable income. Every deposit splits across tax, bills, reserve,
and debt automatically. Start a 30-day free trial:
https://becomeable.app/get-able","surviving a slow month, slow month freelancer, bad month self employed, low income month budget, cash flow slow month, freelance dry spell",
budgeting-managing-cash-income,ready-to-upload,Managing Cash Income: The System That Keeps You Out of Trouble,"Cash payments do not skip the rules. The system for tracking cash income, the tax obligation that comes with it, and the routine that keeps you safe.

Read the full article: https://becomeable.app/budgeting/managing-cash-income/

Able is the budgeting app built for self-employed people with
variable income. Every deposit splits across tax, bills, reserve,
and debt automatically. Start a 30-day free trial:
https://becomeable.app/get-able","managing cash income, cash income freelance, tipped income taxes, reporting cash income, cash payment tracking, cash freelancer taxes",
budgeting-couples-on-variable-income,ready-to-upload,Couples on Variable Income: How to Budget When One (or Both) of You Is Self-Employed,"When one partner is self-employed and the other is not, the math gets complicated. The framework for combined budgeting and conversations that work.

Read the full article: https://becomeable.app/budgeting/couples-on-variable-income/

Able is the budgeting app built for self-employed people with
variable income. Every deposit splits across tax, bills, reserve,
and debt automatically. Start a 30-day free trial:
https://becomeable.app/get-able","couples budgeting variable income, couples self employed budget, household budget freelancer spouse, mixed income couple budgeting, one spouse self employed, household variable income",
budgeting-per-deposit-method-explained,ready-to-upload,The Per-Deposit Method: Why It Works When Monthly Budgets Fail,"Why monthly budgets fail on variable income, what changes when you allocate per-deposit instead, and the five rules that make Floor-First work.

Read the full article: https://becomeable.app/budgeting/per-deposit-method-explained/

Able is the budgeting app built for self-employed people with
variable income. Every deposit splits across tax, bills, reserve,
and debt automatically. Start a 30-day free trial:
https://becomeable.app/get-able","per deposit budgeting, floor first budgeting, budgeting for variable income, per paycheck budget, allocation per deposit, able budgeting method",
budgeting-why-monthly-budgets-fail-variable-income,ready-to-upload,Why Monthly Budgets Fail on Variable Income (and What Actually Works),"The five reasons monthly budgets break for self-employed people, the false confidence they produce, and the approach that fits how you get paid.

Read the full article: https://becomeable.app/budgeting/why-monthly-budgets-fail-variable-income/

Able is the budgeting app built for self-employed people with
variable income. Every deposit splits across tax, bills, reserve,
and debt automatically. Start a 30-day free trial:
https://becomeable.app/get-able","monthly budget variable income, why budgets fail freelancer, monthly budget self employed, budgeting inconsistent income, traditional budget broken freelance, variable income budgeting problems",
budgeting-tracking-recurring-charges,ready-to-upload,Tracking Recurring Charges: The 5 Leaks That Steal Margin Quietly,"The five recurring-charge patterns that quietly drain self-employed margins, the quarterly audit that finds them, and the rule that keeps the stack lean.

Read the full article: https://becomeable.app/budgeting/tracking-recurring-charges/

Able is the budgeting app built for self-employed people with
variable income. Every deposit splits across tax, bills, reserve,
and debt automatically. Start a 30-day free trial:
https://becomeable.app/get-able","recurring charges subscriptions, subscription audit freelancer, recurring charges audit, subscription creep self employed, quarterly subscription review, cancel unused subscriptions",
budgeting-the-30-day-trial-mindset,ready-to-upload,The 30-Day Trial Mindset: How to Test a Financial Habit Without Committing to It Forever,"Why money habits are hard to start, the 30-day framing that lowers the activation cost, and three habits worth trialing if you are new to variable income.

Read the full article: https://becomeable.app/budgeting/the-30-day-trial-mindset/

Able is the budgeting app built for self-employed people with
variable income. Every deposit splits across tax, bills, reserve,
and debt automatically. Start a 30-day free trial:
https://becomeable.app/get-able","30 day money habit, 30 day budget challenge, financial habit trial, low commitment money habit, test budgeting system, new money habit",
budgeting-the-good-month-rules,ready-to-upload,The Good Month Rules: What to Do With Above-Average Income (Before It Disappears),"Why most freelancers blow a good month, the four-step rule sequence that captures the surplus, and the lifestyle-creep trap that erases years of strong months.

Read the full article: https://becomeable.app/budgeting/the-good-month-rules/

Able is the budgeting app built for self-employed people with
variable income. Every deposit splits across tax, bills, reserve,
and debt automatically. Start a 30-day free trial:
https://becomeable.app/get-able","good month variable income, what to do with extra income, high income month freelance, surplus income freelancer, lifestyle creep self employed, capture good month income",
budgeting-holiday-season-budgeting,ready-to-upload,Holiday Season Budgeting on Variable Income: The 90-Day Setup,"Why November and December break most freelance budgets, the 90-day setup that funds the holidays without debt, and the 5 expense categories to plan for.

Read the full article: https://becomeable.app/budgeting/holiday-season-budgeting/

Able is the budgeting app built for self-employed people with
variable income. Every deposit splits across tax, bills, reserve,
and debt automatically. Start a 30-day free trial:
https://becomeable.app/get-able","holiday budget freelance, holiday spending freelance, christmas budget self employed, november december budget, freelancer holidays, holiday savings variable income",
budgeting-saving-for-irregular-expenses,ready-to-upload,Saving for Irregular Expenses: The Sinking Funds Approach for Variable Income,"Why irregular expenses break monthly budgets, the sinking funds approach that pre-funds them, and the 10 expense categories to set up if you are self-employed.

Read the full article: https://becomeable.app/budgeting/saving-for-irregular-expenses/

Able is the budgeting app built for self-employed people with
variable income. Every deposit splits across tax, bills, reserve,
and debt automatically. Start a 30-day free trial:
https://becomeable.app/get-able","sinking funds variable income, irregular expenses freelance, saving for annual expenses, sinking fund examples, planned expenses budget, non monthly expenses",
budgeting-what-to-do-with-an-unexpected-deposit,ready-to-upload,What to Do With an Unexpected Deposit: The 24-Hour Routing Rule,"Why surprise deposits disappear before you allocate them, the 24-hour routing rule that captures them, and the 4 question filter that puts every dollar to work.

Read the full article: https://becomeable.app/budgeting/what-to-do-with-an-unexpected-deposit/

Able is the budgeting app built for self-employed people with
variable income. Every deposit splits across tax, bills, reserve,
and debt automatically. Start a 30-day free trial:
https://becomeable.app/get-able","unexpected deposit allocation, surprise income freelancer, unexpected payment routing, what to do with extra money, capture surprise income, allocate unexpected income",
budgeting-personal-vs-business-spending-line,ready-to-upload,Where the Personal vs. Business Spending Line Should Be (and How to Hold It),"Why self-employed people blur business and personal spending, the four hidden costs of mixing, and the practical rules for clean separation even as a sole prop.

Read the full article: https://becomeable.app/budgeting/personal-vs-business-spending-line/

Able is the budgeting app built for self-employed people with
variable income. Every deposit splits across tax, bills, reserve,
and debt automatically. Start a 30-day free trial:
https://becomeable.app/get-able","personal vs business spending, separate personal business expenses, business vs personal money, sole prop separating expenses, business expense rules, clean business books",
budgeting-the-mid-month-financial-check,ready-to-upload,The Mid-Month Financial Check: A 15-Minute Routine That Prevents Surprises,"Why month-end is too late to fix problems, the 15-minute mid-month routine that catches them earlier, and the 5 specific things to check on day 15.

Read the full article: https://becomeable.app/budgeting/the-mid-month-financial-check/

Able is the budgeting app built for self-employed people with
variable income. Every deposit splits across tax, bills, reserve,
and debt automatically. Start a 30-day free trial:
https://becomeable.app/get-able","mid month financial check, mid month budget review, monthly money check in, financial routine self employed, check budget mid month, bi monthly money review",
budgeting-how-to-recover-from-a-financial-setback,ready-to-upload,How to Recover From a Financial Setback: The 90-Day Reset for Self-Employed People,"The four-step 90-day reset for self-employed people after a lost client, big bill, or slow stretch. Triage, stabilize, rebuild, and the discipline that holds.

Read the full article: https://becomeable.app/budgeting/how-to-recover-from-a-financial-setback/

Able is the budgeting app built for self-employed people with
variable income. Every deposit splits across tax, bills, reserve,
and debt automatically. Start a 30-day free trial:
https://becomeable.app/get-able","recover financial setback, financial recovery freelancer, bouncing back from lost client, cash flow crisis self employed, financial reset plan, rebuild after slow stretch",
budgeting-teaching-your-partner-the-per-deposit-method,ready-to-upload,Teaching Your Partner the Per-Deposit Method: How to Get Aligned Without a Fight,"The conversation that gets your partner on board with per-deposit allocation, the three account structures couples use, and joint-decision rules.

Read the full article: https://becomeable.app/budgeting/teaching-your-partner-the-per-deposit-method/

Able is the budgeting app built for self-employed people with
variable income. Every deposit splits across tax, bills, reserve,
and debt automatically. Start a 30-day free trial:
https://becomeable.app/get-able","couples per deposit budgeting, budget with partner variable income, couples financial alignment, joint budgeting freelancer, explain budget to spouse, partner financial conversation",
taxes-estimated-tax-penalties-explained,ready-to-upload,Estimated Tax Penalties Explained: How They Work and How to Avoid Them,"How the IRS underpayment penalty is calculated, the safe-harbor rules that get you out of it, and why most self-employed people pay it without realizing.

Read the full article: https://becomeable.app/taxes/estimated-tax-penalties-explained/

Able is the budgeting app built for self-employed people with
variable income. Every deposit splits across tax, bills, reserve,
and debt automatically. Start a 30-day free trial:
https://becomeable.app/get-able","estimated tax penalty self employed, underpayment penalty irs, quarterly tax penalty, safe harbor estimated tax, form 2210 penalty, how to avoid tax penalty",
taxes-sales-tax-basics-for-service-businesses,ready-to-upload,"Sales Tax Basics for Service Businesses: What Applies, What Doesn't","When sales tax applies to services, which states are tightening rules, the nexus question for remote freelancers, and the setup for collecting and remitting.

Read the full article: https://becomeable.app/taxes/sales-tax-basics-for-service-businesses/

Able is the budgeting app built for self-employed people with
variable income. Every deposit splits across tax, bills, reserve,
and debt automatically. Start a 30-day free trial:
https://becomeable.app/get-able","sales tax service business, do freelancers charge sales tax, sales tax on services, sales tax nexus freelancer, sales tax remote services, sales tax self employed",
learn-how-money-works-setting-financial-goals-on-variable-income,ready-to-upload,Setting Financial Goals on Variable Income: The 3-Tier Goal System,"Why standard goal-setting fails on variable income, the 3-tier system that handles the variance, and the quarterly review that keeps you on track.

Read the full article: https://becomeable.app/learn/how-money-works/setting-financial-goals-on-variable-income/

Able is the budgeting app built for self-employed people with
variable income. Every deposit splits across tax, bills, reserve,
and debt automatically. Start a 30-day free trial:
https://becomeable.app/get-able","financial goals variable income, financial goals self employed, savings goals freelancer, money goals inconsistent income, quarterly financial review, goal setting freelance",
learn-how-money-works-the-true-cost-of-debt,ready-to-upload,The True Cost of Debt: What 'Just the Minimum' Actually Costs You,"What a credit card balance actually costs when you only pay the minimum, how interest compounds, and how $5,000 of debt becomes $14,000 of payments.

Read the full article: https://becomeable.app/learn/how-money-works/the-true-cost-of-debt/

Able is the budgeting app built for self-employed people with
variable income. Every deposit splits across tax, bills, reserve,
and debt automatically. Start a 30-day free trial:
https://becomeable.app/get-able","true cost of debt, minimum payment cost, credit card interest math, cost of carrying debt, debt compounding, hidden cost of debt",
learn-how-money-works-emergency-fund-vs-business-reserve,ready-to-upload,"Emergency Fund vs. Business Reserve: Why You Need Both, Not One","Why personal emergency funds and business reserves are not interchangeable, the three jobs each one does, and the order to build them in if you have neither.

Read the full article: https://becomeable.app/learn/how-money-works/emergency-fund-vs-business-reserve/

Able is the budgeting app built for self-employed people with
variable income. Every deposit splits across tax, bills, reserve,
and debt automatically. Start a 30-day free trial:
https://becomeable.app/get-able","emergency fund vs business reserve, business reserve vs emergency fund, personal emergency fund self employed, two reserves freelancer, emergency fund freelancer, reserve fund difference",
learn-how-money-works-the-cost-of-a-financial-decision,ready-to-upload,"The Cost of a Financial Decision: Compounding, Time, and Opportunity","Three forces that turn a small decision into a big outcome over time: compounding, time horizon, and opportunity cost. With real examples on variable income.

Read the full article: https://becomeable.app/learn/how-money-works/the-cost-of-a-financial-decision/

Able is the budgeting app built for self-employed people with
variable income. Every deposit splits across tax, bills, reserve,
and debt automatically. Start a 30-day free trial:
https://becomeable.app/get-able","cost of financial decision, compound effect money, opportunity cost decisions, time value money decisions, small money decisions add up, financial decision long term cost",
learn-get-out-of-debt-avalanche-vs-snowball-variable-income,ready-to-upload,Avalanche vs. Snowball on Variable Income: Which Debt Method Actually Works,"The two main debt-payoff methods, the math that picks one, the psychology that often picks the other, and why variable income tilts the choice.

Read the full article: https://becomeable.app/learn/get-out-of-debt/avalanche-vs-snowball-variable-income/

Able is the budgeting app built for self-employed people with
variable income. Every deposit splits across tax, bills, reserve,
and debt automatically. Start a 30-day free trial:
https://becomeable.app/get-able","avalanche vs snowball debt, debt snowball variable income, debt avalanche freelance, which debt method works, debt payoff strategy, paying off credit cards self employed",
learn-get-out-of-debt-negotiating-with-creditors-when-self-employed,ready-to-upload,Negotiating With Creditors When You're Self-Employed,"When negotiation is worth attempting, the four ask types that get results, the scripts that open the door, and the credit consequences to know before you start.

Read the full article: https://becomeable.app/learn/get-out-of-debt/negotiating-with-creditors-when-self-employed/

Able is the budgeting app built for self-employed people with
variable income. Every deposit splits across tax, bills, reserve,
and debt automatically. Start a 30-day free trial:
https://becomeable.app/get-able","negotiating with creditors, debt negotiation freelancer, credit card hardship program, settle credit card debt, interest rate reduction call, negotiate debt self employed",
